Flare_ID,Date,Time (UT),GOES Class,STIX Coverage,HEK_flare_class,HEK_flare_tstart,HEK_flare_tpeak,HEK_flare_tend,HEK_flare_hgc_x,HEK_flare_hgc_y,HEK_flare_hpc_x,HEK_flare_hpc_y
2.01904E+13,2019-04-15,19:31:00,B3.3,NA,B3.3,19:27:00,19:31:00,19:34:00,-58.53806,3,535.807062,127.31454
2.02104E+13,2021-04-17,16:46:00,B9.0,Yes,B9.7,16:21:00,17:17:00,18:25:00,-133.55919,-21,-891.46482,-337.966272
2.02104E+13,2021-04-19,23:36:00,M1.0,No data,,23:12:36,23:35:19,0:04:48,-95.576796,-21.857026,-301.8,-279.5
2.02105E+13,2021-05-05,22:30:00,B5.0,Yes,,22:27:46,22:29:34,22:31:22,-15.458804,15.591669,-960,268.8
2.02105E+13,2021-05-07,19:00:00,M4.0,Yes,M3.9,18:43:00,19:04:00,19:19:00,-29.134596,17,-889.5756,288.975276
2.02105E+13,2021-05-08,18:30:00,C9.0,Yes,C8.6,18:22:00,18:45:00,18:58:00,-26.163091,17,-803.73516,302.880852
2.02105E+13,2021-05-09,13:55:00,C4.0,Yes,,13:53:10,13:55:10,13:55:34,-27.194765,14.40804,-729.6,268.8
2.02105E+13,2021-05-17,19:05:00,B5.0,Yes,,19:04:32,19:05:44,19:09:08,-158.903198,15.869147,-883.2,268.8
2.02105E+13,2021-05-21,19:25:00,C5.0,Yes,,19:23:46,19:26:58,19:31:22,-164.804421,19.651113,-422.4,345.6
2.02105E+13,2021-05-22,16:10:00,C1.0,Yes,C1.8,16:03:00,16:18:00,16:25:00,-167.0483,18,-294.503244,320.389818
2.02105E+13,2021-05-22,17:10:00,M1.0,Yes,,17:07:58,17:09:46,17:12:58,-166.10387,19.611645,-268.8,345.6
2.02105E+13,2021-05-22,21:30:00,M1.4,Yes,,21:30:58,21:32:46,21:37:46,-163.433287,19.590066,-192,345.6
2.02105E+13,2021-05-22,23:11:00,C7.0,Yes,C6.8,23:05:00,23:13:00,23:17:00,-165.92534,18,-218.850576,320.58255
2.02105E+13,2021-05-23,17:00:00,C2.0,Yes,,17:01:29,17:03:05,17:08:41,-164.27244,19.647312,-38.4,345.6
2.02105E+13,2021-05-27,22:00:00,C1.0,No,C1.0,21:44:00,22:07:00,22:18:00,142.6644,0,0,19.2798474
2.02105E+13,2021-05-27,23:10:00,C7.0,No,C7.6,22:54:00,23:15:00,23:24:00,-164.97883,21,707.3991,350.698938
2.02105E+13,2021-05-28,22:30:00,C9.0,No,,22:29:20,23:08:44,0:27:20,-165.334578,20.958571,806.4,345.6
2.02107E+13,2021-07-03,14:27:00,X1.5,No,,14:26:42,14:26:54,14:39:06,106.012242,21.351863,883.2,345.6
2.02107E+13,2021-07-06,19:15:00,C1.1,No,C1.2,19:06:00,19:15:00,19:20:00,-25.31005,0,0,-57.7235868
2.02107E+13,2021-07-06,20:58:00,C1.2,No,B5.2,20:53:00,21:01:00,21:06:00,-26.29349,0,0,-57.8530854
2.02107E+13,2021-07-06,21:49:00,C1.1,No,C1.1,21:44:00,21:50:00,21:54:00,-26.76223,0,0,-57.9147786
2.02107E+13,2021-07-09,17:20:00,C4.7,No,C4.7,17:15:00,17:25:00,17:30:00,-63.99417,0,0,-62.751054
2.02108E+13,2021-08-20,15:55:00,C3.0,Yes,C3.0,15:50:00,15:57:00,16:01:00,101.29857,0,0,-114.145512
2.02108E+13,2021-08-20,21:45:00,C1.4,Yes,,21:40:44,21:52:44,22:11:44,10.488849,21.242174,-883.2,345.6
2.02108E+13,2021-08-21,18:41:00,B3.9,Yes,B3.9,18:37:00,18:42:00,18:46:00,86.550802,0,0,-114.85578
2.02108E+13,2021-08-21,21:57:00,B3.9,Yes,,20:50:22,21:59:01,22:31:28,121.806375,12.145532,553.1,108.5
2.02108E+13,2021-08-21,22:29:00,B4.7,Yes,,22:28:08,22:29:56,22:32:56,6.334002,18.007976,-883.2,268.8
2.02108E+13,2021-08-26,18:12:00,C3.0,Yes,,17:53:20,18:16:32,18:58:56,8.61811,18.545032,-192,192
2.02108E+13,2021-08-26,23:20:00,C3.9,Yes,,23:19:22,23:21:22,23:27:10,-1.239523,-30.551486,-268.8,-576
2.02108E+13,2021-08-27,21:00:00,C7.3,Yes,,20:40:27,20:58:17,21:28:21,1.0672016,-27.668193,-74.6,-543.1
2.02108E+13,2021-08-29,17:21:00,C2.9,Yes (occulted?),,16:58:44,17:24:26,17:52:51,2.282786,-25.549129,301.6,-508.1
2.02108E+13,2021-08-30,16:12:00,C2.0,Yes (occulted),,16:14:05,16:14:41,16:16:05,0.148809,-31.147013,422.4,-576
2.02108E+13,2021-08-30,18:23:00,B7.0,Yes (occulted),,18:22:32,18:24:44,18:28:56,3.373388,-25.847736,499.2,-499.2
2.02108E+13,2021-08-30,20:47:00,B8.0,Yes (occulted),B7.8,20:44:00,20:52:00,21:03:00,-2.5263,-26,441.167874,-506.181108
2.02108E+13,2021-08-31,14:48:00,B2.5,No,B5.6,14:42:00,14:50:00,14:54:00,2.58469,-26,615.85812,-488.67726
2.02108E+13,2021-08-31,19:08:00,B7.1,No,B7.1,18:57:00,19:11:00,19:24:00,-0.7545,-27,600.17406,-504.171456
2.02109E+13,2021-09-08,17:24:00,C8.3,Yes,,17:18:58,17:24:34,17:33:58,-162.467121,-14.107029,-192,-345.6
2.02109E+13,2021-09-20,19:24:00,B4.0,Yes,B4.0,19:17:00,19:25:00,19:29:00,-1.028279,-29,-650.61768,-525.553338
2.02109E+13,2021-09-20,21:00:00,B2.5,Yes,B2.5,20:55:00,21:00:00,21:04:00,-1.9266,-29,-650.62998,-525.549
2.02109E+13,2021-09-20,21:52:00,B3.3,Yes,,21:41:32,21:42:08,21:43:32,-1.292753,-27.010329,-652.8,-499.2
2.02109E+13,2021-09-21,20:24:00,B5.1,Yes,,20:23:44,20:24:44,20:27:56,-5.945751,-26.272054,-576,-499.2
2.02109E+13,2021-09-22,20:12:00,C1.1,Yes,,20:12:35,20:13:35,20:14:59,-7.86584,-30.978515,-422.4,-576
2.02109E+13,2021-09-23,15:24:00,M1.9,Yes,,15:03:25,15:26:09,15:35:23,-1.834879,-30.264727,-207.9,-577.7
2.02109E+13,2021-09-23,20:40:00,C1.0,Yes,C1.0,20:34:00,20:41:00,20:46:00,-5.3316145,-27,-221.248812,-532.982016
2.02109E+13,2021-09-24,16:45:00,none? B4.0 at 16:12,No?,B4.0,16:12:00,16:24:00,16:30:00,-9.12861,-23,-122.970816,-478.548684
2.02109E+13,2021-09-24,21:16:00,B2.0,Yes,B2.5,21:11:00,21:16:00,21:20:00,-3.86906,0,0,-116.542038
2.02109E+13,2021-09-25,19:15:00,C1.7,Yes,C1.7,19:11:00,19:17:00,19:21:00,-15.96716,0,0,-116.034576
2.0211E+13,2021-10-11,19:21:00,B2,Yes,,19:23:17,19:24:05,19:33:41,154.820137,17.146626,345.6,192
2.0211E+13,2021-10-12,15:57:00,B6,Yes,,15:59:22,16:00:10,16:03:10,154.160164,16.589777,499.2,192
2.0211E+13,2021-10-28,15:26:00,X1,Yes,X1.0,15:17:00,15:35:00,15:48:00,-84.1613,-26,75.917628,-494.734602
2.02111E+13,2021-11-01,20:43:00,C2.1,Yes,,20:42:29,20:43:17,20:45:05,-151.9684756,15.672394,-115.2,192
2.02111E+13,2021-11-01,21:11:00,C4.0,Yes,,21:11:22,21:14:10,21:30:58,-85.725389,-28.923106,729.6,-499.2
2.02111E+13,2021-11-01,23:39:00,C4.5,Yes,,23:37:29,23:39:53,23:41:29,-148.845624,15.687887,-38.4,192
2.02111E+13,2021-11-03,21:14:00,C5.2,Yes,,21:05:44,21:16:44,21:43:20,-83.7226,-25.468627,883.2,-422.4
2.02112E+13,2021-12-12,21:13:00,C1.2,Yes,,20:49:56,21:12:32,21:28:08,-41.215329,-20.912685,-883.2,-345.6
2.02112E+13,2021-12-14,20:33:00,C1.6,Yes,C1.6,20:23:00,20:33:00,20:43:00,-43.4815684,-20,-723.42708,-325.408182
2.02112E+13,2021-12-31,19:42:00,C8.1,Yes,,19:39:34,19:42:22,19:46:10,-140.782839,19.950191,883.2,345.6
2.02201E+13,2022-01-18,17:38:00,M1.2,Yes,M1.5,17:01:00,17:44:00,18:10:00,-35.60892,8,792.74658,182.84988
2.02201E+13,2022-01-28,19:31:00,C2.8,Yes,C2.7,19:22:00,19:34:00,19:40:00,115.43594,17,-335.046,372.099912
2.02201E+13,2022-01-28,20:35:00,B5.3,Yes,B5.3,20:27:00,20:35:00,20:42:00,177.84163,26,587.294868,491.49984
2.02201E+13,2022-01-28,20:49:00,B6.5,Yes,B6.5,20:42:00,20:49:00,20:58:00,135.70448,0,0,98.382186
2.02201E+13,2022-01-29,23:00:00,M1,Yes,,22:41:19,23:08:59,23:26:20,110.46368,17.657099,-177.5,388.3
2.02202E+13,2022-02-03,20:42:00,C1.3,Yes,C1.3,20:37:00,20:43:00,20:48:00,117.752506,15,823.5801,300.180012
2.02202E+13,2022-02-05,17:00:00,C2.1,Yes,,16:46:20,17:09:32,17:27:32,120.483596,15.513482,960,268.8
2.02202E+13,2022-02-08,21:40:00,C5.1,Yes,,21:36:10,21:38:10,21:39:34,29.636557,-21.089387,576,-268.8
2.02203E+13,2022-03-30,17:30:00,X1.4,Yes,,17:23:06,17:32:56,17:54:31,85.552321,13.721482,491.5,319
2.02203E+13,2022-03-31,18:28:00,M9.7,Yes,,18:25:20,18:29:10,18:52:27,86.308666,13.397097,675.8,295.8
2.02203E+13,2022-03-31,19:32:00,C5,Yes,,19:30:10,19:31:10,19:34:46,-0.396591,-21.294999,-576,-268.8
2.02205E+13,2022-05-10,13:55:00,X1.5,No,,12:40:05,13:55:00,15:00:29,-134.0754245,-26.90865,-133.86026,-384.11835
2.02205E+13,2022-05-11,18:35:00,M2.6,Yes,,18:33:11,18:34:11,18:41:11,178.837733,-18.752891,-576,-268.8
2.02205E+13,2022-05-15,0:01:00,M2.3,Yes,,0:00:23,0:01:35,0:02:23,86.644936,11.284375,-960,192
2.02205E+13,2022-05-17,19:33:00,C2.0,No,C3.2,19:29:00,19:36:00,19:44:00,103.65104,21,-509.521734,370.89501
2.02205E+13,2022-05-18,22:00:00,M1.1,No,M1.1,21:56:00,22:02:00,22:08:00,124.07346,0,0,37.4081742
2.02205E+13,2022-05-24,22:30:00,C5.1,No,,22:13:35,22:25:11,22:40:47,-27.788609,-12.155934,-883.2,-192
2.02205E+13,2022-05-25,18:17:00,M1.3,No,M1.3,18:09:00,18:24:00,18:43:00,74.553641,-19,589.239474,-292.027344
2.02207E+13,2022-07-08,20:23:00,M2.6,No,,20:13:20,20:38:32,22:40:44,129.892621,19.32864,-576,268.8
2.02207E+13,2022-07-14,21:45:00,M2.9,No,,21:44:58,21:45:46,21:49:22,16.195751,12.969788,-883.2,192
2.02207E+13,2022-07-15,23:09:00,C2.9,No,,23:08:23,23:08:59,23:13:47,58.654001,15.891804,-268.8,192
2.02207E+13,2022-07-16,22:17:00,C2.0,No,C2.0,22:14:00,22:23:00,22:29:00,125.075862,-18,793.845,-324.24186
2.02207E+13,2022-07-17,21:37:00,C4.8,No,,21:36:34,21:37:46,21:39:46,72.636628,-17.176525,345.6,-345.6
2.02207E+13,2022-07-31,22:50:00,C9.3,No,,22:50:56,23:04:20,0:13:44,135.635781,15.588411,-960,268.8
2.02208E+13,2022-08-30,17:58:00,M1.2,No,,17:47:08,17:50:32,17:56:20,-82.884937,-23.516464,960,-422.4
2.02209E+13,2022-09-12,23:45:00,M1.8,Yes,,23:41:08,23:45:08,15:57:32,54.702864,17.242614,576,192
2.02209E+13,2022-09-16,15:51:00,M6.7,Yes,,15:33:45,15:57:36,16:26:15,55.224791,17.806108,922,298.1
2.02209E+13,2022-09-17,20:43:00,M2.6,Yes,,20:36:44,20:44:44,20:57:44,37.067556,21.927518,883.2,345.6
2.02209E+13,2022-09-18,22:11:00,C3.0,Yes,,22:10:29,22:11:29,22:12:29,-65.2945286,-24.26314,-38.4,-499.2
2.02209E+13,2022-09-23,18:02:00,M1.7,Yes?,,17:47:56,18:09:08,19:32:56,157.423356,18.114565,-883.2,268.8
2.02209E+13,2022-09-30,16:24:00,M3.0,Yes,,16:12:56,16:23:56,16:56:08,58.264093,22.019764,-883.2,345.6
2.02209E+13,2022-09-30,22:41:00,C3.0,No?,,22:41:05,22:41:53,22:44:41,109.025615,26.973069,-422.4,345.6
2.0221E+13,2022-10-01,18:02:00,C3,No,,18:01:58,18:02:34,18:05:10,104.093064,27.215956,-345.6,345.6
2.0221E+13,2022-10-01,18:49:00,C2,No?,,18:46:20,19:00:32,19:22:56,166.263946,16.783635,576,192
2.0221E+13,2022-10-01,20:09:00,M5.8,No,M5.8,19:58:00,20:10:00,20:16:00,161.86435,17,527.403282,191.413092
2.0221E+13,2022-10-02,20:23:00,X1.1,Yes,,20:07:29,20:23:53,21:35:53,46.86813,23.863153,-806.4,345.6
2.0221E+13,2022-10-03,20:21:00,M1.2,No,,19:44:47,20:20:35,20:36:23,43.822266,24.807306,-729.6,345.6
2.0221E+13,2022-10-10,15:42:00,C5,No,C4.9,15:34:00,15:45:00,15:58:00,10.537826,0,0,-104.110848
2.0221E+13,2022-10-10,16:12:00,M2.4,Yes,,16:18:22,16:19:10,16:20:22,39.428913,26.44344,422.4,345.6
2.0221E+13,2022-10-10,23:19:00,C3,No?,,23:18:34,23:19:10,23:21:34,35.5714916,26.425117,422.4,345.6
2.0221E+13,2022-10-11,16:35:00,C3.6,No,C3.6,16:27:00,16:45:00,17:04:00,-3.13999,0,0,-102.995976
2.0221E+13,2022-10-11,18:17:00,C6.1,No,,18:10:53,18:17:29,18:26:41,37.433938,25.65707,576,345.6
2.0221E+13,2022-10-12,16:28:00,C4.7,No,C4.7,16:26:00,16:29:00,16:33:00,-16.32277,0,0,-101.88873
2.0221E+13,2022-10-13,0:10:00,M1.5,No,,0:08:35,0:09:59,0:10:59,45.493526,23.594949,806.4,345.6
2.0221E+13,2022-10-16,16:05:00,C1.9,No,,16:04:47,16:05:35,16:10:59,-3.087594,23.476505,806.4,345.6
2.0221E+13,2022-10-19,21:44:00,C4.2,Yes?,C4.2,21:40:00,21:45:00,21:50:00,-111.53387,0,0,-92.96292
2.0221E+13,2022-10-25,19:00:00,C4.9,Yes?,,18:59:35,19:00:35,19:03:23,82.896525,25.481004,-883.2,422.4
2.02211E+13,2022-11-10,18:14:00,B9.7,Yes,,18:13:44,18:15:32,18:19:20,-37.4549477,10.166295,38.4,115.2
2.02211E+13,2022-11-12,18:02:00,C6.5,Yes,,18:01:46,18:02:10,18:06:58,-39.885125,9.6244808,422.4,115.2
2.02211E+13,2022-11-13,19:08:00,C2.2,Yes,,19:06:10,19:08:34,19:12:58,-36.100075,13.583095,652.8,192
2.02211E+13,2022-11-13,22:15:00,C2.0,Yes,C2.1,22:12:00,22:23:00,22:27:00,-31.48511,24,680.1483,364.81251
2.02211E+13,2022-11-14,19:27:00,C5.1,Yes,,19:24:58,19:28:10,19:29:58,-38.764932,22.542656,729.6,345.6
2.02211E+13,2022-11-14,21:24:00,C2.6,Yes,,21:14:20,21:24:20,21:30:20,-30.451276,22.150716,806.4,345.6
2.02211E+13,2022-11-18,18:54:00,C4.6,Yes,C4.6,18:44:00,19:05:00,19:17:00,-145.494,0,0,-41.4234312
2.02211E+13,2022-11-18,22:04:00,C1.9,Yes,C1.8,21:59:00,22:04:00,22:08:00,-107.27906,20,588.025272,303.082254
2.02212E+13,2022-12-09,22:42:00,C5.0,Yes,C5.0,22:38:00,22:42:00,22:46:00,-56.40124,13,132.642876,223.670688
2.02212E+13,2022-12-13,19:48:00,C1.0,Yes,,19:48:17,19:48:53,19:52:05,-25.632458,-15.644229,960,-268.8
2.02212E+13,2022-12-13,23:17:00,C3.0,Yes,C2.9,23:12:00,23:25:00,23:33:00,-33.41629,-15,936.24342,-250.96521
2.02212E+13,2022-12-14,19:09:00,C3.0,Yes,C3.8,19:03:00,19:11:00,19:16:00,-128.31338,0,0,14.3676852
2.02212E+13,2022-12-14,19:33:00,C6.4,Yes,C6.4,19:27:00,19:33:00,19:38:00,-83.53297,-20,649.3824,-324.666396
2.02212E+13,2022-12-14,20:55:00,M2.2,Yes,,20:54:59,20:56:59,20:57:35,-83.530389,-21.305003,652.8,-345.6
2.02212E+13,2022-12-14,22:06:00,M4.5,Yes,M4.5,21:57:00,22:06:00,22:17:00,-81.90539,-21,677.91918,-341.010504
2.02212E+13,2022-12-16,19:06:00,C9.1,Yes,C9.1,19:02:00,19:11:00,19:18:00,-81.65412,-20,876.78138,-328.51983
2.02212E+13,2022-12-17,19:46:00,M1.0,Yes,,19:42:46,19:47:46,20:33:46,121.843725,15.569996,-883.2,268.8
2.02212E+13,2022-12-21,20:45:00,C4.8,Yes,,20:43:58,20:44:46,20:45:58,110.329895,24.05073,-422.4,422.4
2.02212E+13,2022-12-21,22:12:00,C6.9,Yes,C5.2,22:04:00,22:19:00,22:26:00,111.81099,21,-400.496466,375.487494
2.02212E+13,2022-12-22,22:27:00,B7.8,Yes,??,22:24:00,22:27:00,22:30:00,0,0,0,0
2.02212E+13,2022-12-25,21:56:00,C2.2,Yes,C2.2,21:50:00,21:56:00,22:01:00,113.248092,23,422.93961,413.128398
2.02212E+13,2022-12-26,16:57:00,C4.4,Yes,,16:56:44,16:57:56,17:05:56,0.251795,20.128777,-883.2,345.6
2.02212E+13,2022-12-26,19:40:00,C6.0,Yes,,19:42:32,19:45:20,19:49:08,113.298744,23.79613,576,422.4
2.02212E+13,2022-12-27,16:24:00,M1.2,Yes,,16:22:35,16:23:59,17:25:11,106.786493,18.964474,652.8,345.6
2.02212E+13,2022-12-27,20:36:00,C4.5,Yes,,20:35:29,20:35:53,20:37:53,-29.812254,-19.791755,-960,-345.6
2.02212E+13,2022-12-29,18:18:00,M2.4,Yes,M2.1,18:11:00,18:20:00,18:26:00,34.56446,0,0,46.1579514
2.02212E+13,2022-12-29,18:18:00,M2.4,Yes,M2.1,18:11:00,18:20:00,18:26:00,34.56446,0,0,46.1579514
2.02212E+13,2022-12-30,19:09:00,C4.0,Yes,,19:07:41,19:08:41,19:20:29,13.5465902,22.75063,-115.2,422.4
2.02212E+13,2022-12-30,19:35:00,M3.7,Yes,,19:32:10,19:35:34,19:41:58,13.3227654,22.748618,-115.2,422.4
2.02212E+13,2022-12-31,21:42:00,C9.1,Yes,,21:42:23,21:43:11,21:46:47,-54.6720536,19.297198,-806.4,345.6
2.02301E+13,2023-01-01,19:33:00,C1.1,Yes,,19:32:32,19:33:44,19:40:44,-60.385583,23.855854,-729.6,422.4
2.02301E+13,2023-01-06,18:47:00,C6.1,Yes,,18:47:10,18:48:22,19:01:34,-54.213781,-19.401958,268.8,-268.8
2.02301E+13,2023-01-09,18:46:00,X2.0,Yes,,18:48:17,18:49:05,18:50:17,-175.81307,5.1202452,-883.2,115.2
2.02301E+13,2023-01-10,17:48:00,M1.3,Yes,M1.2,17:44:00,17:48:00,17:52:00,177.77402,-13,-816.4335,-184.614042
2.02301E+13,2023-01-10,22:47:00,X1.0,Yes,X1.0,22:39:00,22:47:00,22:52:00,172.07632,22,-799.84236,395.34327
2.02301E+13,2023-01-14,20:12:00,M3.5,Yes,,20:08:44,20:13:08,20:18:20,126.155326,8.8817768,-806.4,192
2.02302E+13,2023-02-08,21:10:00,M1.7,Yes,,21:08:10,21:09:46,21:10:34,-139.1167685,29.742235,115.2,576
2.02302E+13,2023-02-09,18:25:00,M1.8,Yes,,17:50:35,18:12:23,18:21:23,-139.736659,30.008756,268.8,576
2.02302E+13,2023-02-10,22:38:00,M1.3,Yes,,22:36:10,22:37:34,22:38:22,124.629478,-19.290195,-806.4,-268.8
2.02302E+13,2023-02-11,15:50:00,X1.2,Yes,,15:42:56,15:49:56,16:08:08,139.971959,-7.61006,-576,-38.4
2.02302E+13,2023-02-17,20:03:00,X2.3,Yes,,19:47:03,20:03:42,22:28:36,13.7463,28.49757,-843.9,474.9
2.02302E+13,2023-02-19,19:28:00,C4.0,Yes,C4.0,19:26:00,19:30:00,19:40:00,35.157716,24,-497.185242,482.678484
2.02302E+13,2023-02-21,20:12:00,M5.1,Yes,,0:00:00,20:16:14,23:59:48,2.618197,28.806787,-765.31793,510.05157
2.02302E+13,2023-02-23,18:20:00,C8.9,No?,,18:07:44,18:19:56,18:30:32,5.168077,18.776123,-192,422.4
2.02302E+13,2023-02-23,23:12:00,C6.2,Yes,,23:11:41,23:13:05,23:20:05,2.387829,18.772345,-192,422.4
2.02302E+13,2023-02-24,20:20:00,M3.7,Yes,M3.7,20:03:00,20:30:00,20:49:35,25.9702261,28,335.469972,551.15256
2.02302E+13,2023-02-25,19:30:00,M5.9,Yes,,19:23:56,19:27:08,19:31:56,7.605951,-22.880039,268.8,-268.8
2.02302E+13,2023-02-26,19:17:00,C2.8,Yes,C2.8,19:10:00,19:23:00,19:31:00,-20.88711,27,30.2348688,546.12153
2.02303E+13,2023-03-05,21:35:00,M5,Yes,,21:30:29,21:35:05,21:47:53,-55.615074,17.478615,806.4,345.6
2.02303E+13,2023-03-08,22:42:00,M1.4,Yes,,22:39:46,22:42:22,22:46:46,-168.970866,-23.164761,-192,-268.8
2.02303E+13,2023-03-18,20:51:00,B8.6,Yes,,20:53:20,20:55:08,20:56:56,6.518396,-24.002459,-806.4,-345.6
2.02304E+13,2023-04-07,20:37:00,C2.6,No,C2.5,20:33:00,20:42:00,20:46:00,169.03269,0,0,103.372104
2.02304E+13,2023-04-07,23:34:00,C5.8,No?,C5.8,23:24:00,23:34:00,23:50:00,105.46549,-18,-806.27736,-249.010824
2.02304E+13,2023-04-11,22:38:00,C5.9,Yes,,22:36:46,22:39:22,22:40:46,102.66062,-21.990515,-192,-268.8
2.02304E+13,2023-04-14,23:26:00,M1.5,No,,23:23:10,23:26:58,23:31:58,23.773674,12.789612,-729.6,268.8
2.02304E+13,2023-04-18,19:12:00,C1.9,Yes,C2.0,19:03:00,19:17:00,19:26:00,102.637511,-23,860.829,-354.888384
2.02304E+13,2023-04-21,17:57:00,M1.8,Yes,M1.8,17:44:00,18:12:00,18:37:27,-4.26033,-23,153.202368,-295.862754
2.02304E+13,2023-04-27,1:00:00,C3.0,Yes,C3.1,0:41:00,0:59:00,1:09:00,-146.13963,20,-792.17952,359.355606
2.02304E+13,2023-04-29,23:02:00,C3.2,Yes,,23:00:53,23:02:53,23:23:29,-89.109576,-19.947836,499.2,-268.8
2.02304E+13,2023-04-30,20:35:00,M2.1,No?,,20:12:20,20:35:08,20:36:44,-93.058572,-24.417424,576,-345.6
2.02305E+13,2023-05-01,21:46:00,C3.4,Yes,C3.5,21:42:00,21:48:00,21:52:00,-98.57022,-24,667.97562,-346.827042
2.02305E+13,2023-05-03,20:53:00,C4.1,No,C4.1,20:47:00,20:53:00,20:58:00,148.50023,13,-559.816974,265.20741
2.02305E+13,2023-05-05,15:45:00,C8.2,No data,C8.2,15:39:00,15:47:00,15:54:00,161.89047,0,0,62.438826
2.02305E+13,2023-05-06,14:58:00,C3.6,No data,,14:57:34,14:58:34,14:59:34,137.151778,12.785155,-192,268.8
2.02305E+13,2023-05-06,17:43:00,C1.8,No data,C1.8,17:38:00,17:45:00,17:52:00,147.57849,0,0,60.525528
2.02305E+13,2023-05-06,21:53:00,C4.7,No data,,21:51:23,21:52:59,21:53:59,101.301093,-9.5479836,-652.8,-115.2
2.02305E+13,2023-05-07,22:00:00,M1.5,No data,,22:06:46,22:08:10,22:09:34,134.2553243,12.85041,38.4,268.8
2.02305E+13,2023-05-08,14:19:00,C9.5,No data,,14:16:58,14:18:46,14:22:22,134.898736,12.99914,192,268.8
2.02305E+13,2023-05-08,16:08:00,C3.0,No data,,16:08:41,16:09:05,16:10:53,138.766938,13.082907,268.8,268.8
2.02305E+13,2023-05-08,20:00:00,M2.3,Yes?,,20:02:08,20:03:08,20:04:44,122.1800786,12.952163,38.4,268.8
2.02305E+13,2023-05-08,21:20:00,C3.4,Yes?,,21:18:46,21:20:10,21:22:22,140.954136,13.208573,345.6,268.8
2.02305E+13,2023-05-09,14:01:00,C5.5,Yes,,13:22:55,14:02:19,14:46:23,139.568923,13.115684,454.7,263.1
2.02305E+13,2023-05-09,14:31:00,C7.3,No,C7.3,14:23:00,14:42:00,15:04:24,141.70617,13,492.36807,259.866462
2.02305E+13,2023-05-09,18:40:00,M4.2,Yes,,18:41:12,18:50:00,19:21:48,139.926214,13.595177,499.2,268.8
2.02305E+13,2023-05-09,20:47:00,M5.0,No,,20:33:34,20:42:46,21:33:46,138.896304,13.602663,499.2,268.8
2.02305E+13,2023-05-10,14:18:00,M2.1,Yes,,13:55:02,14:18:15,15:05:42,140.133436,13.350298,636.9,257.5
2.02305E+13,2023-05-11,1:06:00,C4.2,Yes,,1:04:58,1:06:58,1:08:34,127.922271,-4.8304214,576,-38.4
2.02305E+13,2023-05-11,18:26:00,M1.2,No,M1.8,18:13:00,18:29:00,18:38:00,126.149143,-6,669.92244,-63.322362
2.02305E+13,2023-05-12,23:57:00,C5.5,No,,23:55:46,23:56:34,23:58:22,153.586405,17.203308,1113.6,345.6
2.02305E+13,2023-05-13,19:40:00,C1.7,No?,,19:39:56,19:48:56,19:54:32,124.957598,10.738417,883.2,192
2.02305E+13,2023-05-18,20:20:00,M3.9,No?,,20:20:46,20:22:58,20:43:34,-87.96999,15.887206,-883.2,268.8
2.02305E+13,2023-05-19,0:48:00,M5.4,No,M5.3,0:41:00,0:48:00,0:54:00,-14.99241,0,0,37.681566
2.02305E+13,2023-05-19,16:17:00,C3.3,No,,16:24:44,16:26:56,16:31:08,29.009074,15.107469,729.6,268.8
2.02305E+13,2023-05-19,19:10:00,C5.2,No,C5.1,19:05:00,19:14:00,19:22:00,-25.13366,0,0,36.2015892
2.02305E+13,2023-05-20,14:58:00,M5.6,No,,14:55:10,14:59:22,15:05:10,-88.776202,15.17716,-729.6,268.8
2.02305E+13,2023-05-20,23:03:00,M5.2,Yes?,M5.2,22:52:00,23:06:00,23:28:39,-88.44717,18,-671.69958,315.068724
2.02305E+13,2023-05-21,15:57:00,M2.6,Yes?,,15:55:10,15:56:46,16:32:46,-89.944661,19.823818,-576,345.6
2.02305E+13,2023-05-21,21:06:00,C6.1,Yes,,20:15:20,21:06:44,21:12:20,37.107164,11.294081,960,192
2.02305E+13,2023-05-23,14:36:00,C6.8,No,C6.8,14:34:00,14:36:00,14:40:00,-75.55966,0,0,28.7738964
2.02305E+13,2023-05-24,17:15:00,M1.9,No?,,17:13:10,17:14:46,17:20:22,-87.7940209,19.708237,38.4,345.6
2.02305E+13,2023-05-24,19:03:00,C5.1,No,,19:07:20,19:09:08,19:13:32,-93.8132197,-22.89952,-38.4,-345.6
2.02305E+13,2023-05-24,19:48:00,C3.6,Yes,C3.5,19:47:00,19:51:00,19:55:00,-91.6655,0,0,26.3806752
2.02305E+13,2023-05-25,14:42:00,M1.1,No?,,14:40:11,14:42:11,15:06:59,-99.4583544,-27.871796,38.4,-422.4
2.02305E+13,2023-05-26,22:37:00,C7.0,No,,22:35:58,22:38:58,22:42:58,-126.9887367,-17.749217,-115.2,-268.8
2.02305E+13,2023-05-27,16:35:00,C1.5,No,,16:34:20,16:36:56,16:41:08,-127.1587435,-17.671182,38.4,-268.8
2.02305E+13,2023-05-27,22:36:00,C1.5,No,,21:46:56,21:53:44,22:04:32,-125.1551391,-17.637662,115.2,-268.8
2.02305E+13,2023-05-29,18:19:00,C6.5,Yes,C6.1,18:11:00,18:20:00,18:37:30,143.05922,14,-796.83504,237.410772
2.02305E+13,2023-05-31,16:37:00,C3.3,No,,16:37:17,16:37:41,16:41:05,-126.571072,-21.807488,729.6,-345.6
2.02306E+13,2023-06-01,20:33:00,C6.3,No,C6.3,20:23:00,20:41:00,21:04:21,93.14707,-6,-879.52128,-95.304612
2.02306E+13,2023-06-02,21:08:00,C1.2,No,,21:07:34,21:08:10,21:13:34,97.640193,-7.2963713,-729.6,-115.2
2.02306E+13,2023-06-03,21:46:00,C2.8,Yes,,21:45:22,21:46:22,21:47:58,-162.393245,-16.65841,806.4,-268.8
2.02306E+13,2023-06-05,22:55:00,C1.7,No?,,22:54:56,22:56:44,22:59:56,54.376636,-16.55778,-729.6,-268.8
2.02306E+13,2023-06-06,18:58:00,C7.5,No,,18:57:10,18:57:46,19:11:22,50.858936,-16.495513,-652.8,-268.8
2.02306E+13,2023-06-07,18:28:00,C9.2,No,,18:26:34,18:28:58,18:55:46,50.536066,-16.393154,-499.2,-268.8
2.02306E+13,2023-06-09,14:37:00,C4.4,No,,14:37:05,14:37:53,14:41:05,52.1871762,-16.151994,-115.2,-268.8
2.02306E+13,2023-06-09,17:04:00,M2.5,Yes,M2.5,16:48:00,17:11:00,17:28:22,11.245388,-22,-642.46122,-358.239222
2.02306E+13,2023-06-12,20:22:00,C3.3,No?,C3.3,20:19:00,20:26:00,20:33:00,16.598047,0,0,-11.5351416
2.02306E+13,2023-06-13,20:30:00,C3.9,No,,20:29:46,20:30:46,20:35:58,-86.1357185,-21.363985,-883.2,-345.6
2.02306E+13,2023-06-18,0:30:00,M1.3,No,,0:29:38,0:30:02,0:35:26,-74.753676,-20.179595,-345.6,-345.6
2.02306E+13,2023-06-20,17:07:00,X1.1,No?,X1.1,16:42:00,17:09:00,17:35:10,-160.30048,-17,-864.09216,-283.655328
2.02306E+13,2023-06-20,17:55:00,M1.2,No,,18:05:58,18:06:10,18:08:34,-22.228604,-20.782027,806.4,-345.6
2.02306E+13,2023-06-21,15:37:00,M1.0,No,,15:35:46,15:37:22,15:47:46,-92.5771817,18.203935,115.2,268.8
2.02306E+13,2023-06-22,1:06:00,C6.2,No,,1:05:10,1:06:58,1:09:58,-97.8091388,18.250176,115.2,268.8
2.02306E+13,2023-06-22,23:37:00,M4.9,No,,23:34:22,23:38:58,0:44:34,-157.912505,-19.972116,-576,-345.6
2.02306E+13,2023-06-24,21:13:00,C4.9,Yes,C4.9,21:05:00,21:17:00,21:27:00,-142.66565,0,0,-35.0096394
2.02306E+13,2023-06-25,21:58:00,C6.8,Yes,,21:57:46,21:58:10,22:00:34,-99.65386,22.674146,729.6,345.6
2.02306E+13,2023-06-25,22:59:00,C1.6,No,C1.6,22:58:00,23:01:00,23:06:00,-127.9412,24,419.40309,355.285134
2.02306E+13,2023-06-26,1:34:00,C2.2,No,C2.2,1:31:00,1:36:00,1:42:00,-127.34761,24,445.519008,355.68753
2.02306E+13,2023-06-26,16:18:00,M1.6,No,,16:17:08,16:19:56,16:21:32,160.654355,13.652653,-499.2,192
2.02306E+13,2023-06-26,22:19:00,C2.3,No,C2.3,22:16:00,22:21:00,22:26:00,-129.79189,25,551.380506,372.697812
2.02306E+13,2023-06-27,15:12:00,C9.8,No,,15:06:10,15:12:58,15:19:34,-130.4996,23.046419,652.8,345.6
2.02306E+13,2023-06-27,22:26:00,C4.4,Yes,C4.4,22:22:00,22:33:00,23:01:19,-127.08372,22,726.91008,332.834784
2.02306E+13,2023-06-29,14:10:00,M3.8,No,,14:06:58,14:12:22,14:14:22,172.459329,19.016282,268.8,268.8
2.02306E+13,2023-06-29,16:36:00,C2.5,No,C2.5,16:19:00,16:37:00,16:51:00,169.77989,17,249.717156,236.227584
2.02306E+13,2023-06-29,22:00:00,C5.3,No,,21:57:22,21:59:22,22:12:10,168.139371,19.051288,268.8,268.8
2.02306E+13,2023-06-30,18:56:00,C3.7,No,,18:55:22,18:55:58,19:02:10,161.222105,14.278067,345.6,192
2.02307E+13,2023-07-04,19:18:00,C8.0,Yes,C8.0,19:08:00,19:28:00,19:45:00,86.046076,0,0,-53.3112024
2.02307E+13,2023-07-11,14:27:00,M2.0,Yes,,14:31:47,14:32:35,14:42:47,22.913859,10.499944,422.4,115.2
2.02307E+13,2023-07-11,18:00:00,M6.8,Yes,,17:54:58,17:59:46,18:21:22,-94.328448,25.514447,-883.2,422.4
2.02307E+13,2023-07-11,22:12:00,M5.8,Yes,,22:11:42,22:13:06,22:17:30,-96.6793,25.513943,-883.2,422.4
2.02307E+13,2023-07-16,17:40:00,M4.0,Yes,,17:39:30,17:40:18,17:46:18,-14.141469,-24.229643,729.6,-422.4
2.02307E+13,2023-07-17,22:45:00,M2.7,Yes,,22:42:22,22:46:34,22:52:22,-17.43935,-25.119121,806.4,-422.4
2.02307E+13,2023-07-17,23:36:00,M5.7,Yes,,23:19:14,23:36:26,23:52:50,-0.366378,-21.277009,883.2,-345.6
2.02307E+13,2023-07-18,19:25:00,M1.3,Yes,C6.0,19:16:00,19:25:00,19:32:00,-134.30144,26,-488.151102,357.379728
2.02307E+13,2023-07-19,17:15:00,M3.8,Yes,,17:12:53,17:21:29,17:48:41,-35.453163,-15.439831,883.2,-268.8
2.02307E+13,2023-07-20,19:53:00,C9.7,No,,19:52:10,19:54:46,20:00:34,-164.67993,-12.742037,-576,-268.8
2.02307E+13,2023-07-23,14:55:00,C5.2,Yes,,14:51:53,14:55:53,14:58:53,-94.71191,23.39218,806.4,345.6
2.02307E+13,2023-07-25,23:43:00,C3.6,Yes,,23:42:53,23:43:29,23:47:29,163.2088117,16.944889,-38.4,192
2.02307E+13,2023-07-26,15:57:00,M2.1,Yes,,15:56:14,15:56:50,16:00:26,-115.10658,21.299688,883.2,345.6
2.02307E+13,2023-07-28,14:50:00,C7.8,No,,14:48:59,14:49:59,14:51:23,55.330629,-15.218804,-883.2,-268.8
2.02307E+13,2023-07-28,20:51:00,C6.0,No,,20:48:44,20:49:56,20:53:56,39.418739,21.294024,-883.2,345.6
2.02307E+13,2023-07-29,16:20:00,M1.4,No,,16:09:56,16:20:15,16:45:23,123.9793625,-11.065192,115,-270.8
2.02307E+13,2023-07-30,22:19:00,C1.5,No,,22:18:10,22:18:58,22:20:22,127.303708,-11.436875,422.4,-268.8
2.02307E+13,2023-07-31,22:46:00,C5.4,No,C5.4,22:35:00,22:47:00,22:52:00,124.893784,-9,576.486336,-221.32185
2.02308E+13,2023-08-02,0:21:00,C7.9,Yes,,0:19:56,0:23:08,0:34:20,-14.745371,-21.226416,-883.2,-345.6
2.02308E+13,2023-08-02,14:51:00,M1.7,Yes,M1.7,14:46:00,14:52:00,14:56:00,122.750035,-11,788.42946,-230.06061
2.02308E+13,2023-08-02,16:20:00,M1.3,Yes,,16:19:58,16:20:58,16:30:46,123.376701,-8.75868,806.4,-192
2.02308E+13,2023-08-02,19:11:00,M1.1,Yes,M1.1,19:09:00,19:14:00,19:21:00,62.334603,0,0,-97.112238
2.02308E+13,2023-08-05,22:05:00,X1.6,Yes,,20:50:20,22:05:56,23:20:56,-39.422819,-13.615736,-806.4,-268.8
2.02308E+13,2023-08-06,18:35:00,M5.5,Yes,,18:27:17,18:38:41,20:19:17,99.3486396,6.831497,960,115.2
2.02308E+13,2023-08-07,20:58:00,X1.5,Yes,,20:50:14,20:57:38,21:26:38,84.312303,11.271462,960,192
2.02308E+13,2023-08-14,20:42:00,C2.6,No,C8.9,20:30:00,21:10:00,21:38:00,-178.07388,13,-911.76558,195.096624
2.02308E+13,2023-08-15,21:56:00,C2.3,No?,,21:56:20,21:56:44,22:09:56,-113.7055507,27.963156,-38.4,345.6
2.02308E+13,2023-08-18,19:20:00,C3.7,Yes,,19:17:46,19:19:46,19:24:46,-101.860836,21.101209,652.8,268.8
2.02308E+13,2023-08-18,21:20:00,C3.0,No?,C3.0,21:17:00,21:35:00,21:58:00,-150.37654,0,0,-112.562712
2.02308E+13,2023-08-24,15:52:00,C1.1,No,,15:52:20,15:53:56,15:58:44,81.614886,-12.140118,-729.6,-268.8
2.02308E+13,2023-08-25,1:04:00,M1.5,No,,1:02:46,1:04:34,1:07:46,76.572739,-12.130688,-729.6,-268.8
2.02308E+13,2023-08-26,21:48:00,C2.6,Yes,,21:47:59,21:48:59,21:55:47,-166.960276,6.8230298,960,115.2
2.02308E+13,2023-08-30,17:15:00,C1.0,No?,,17:14:32,17:14:44,17:17:08,96.991009,7.5070584,652.8,38.4
2.02309E+13,2023-09-03,0:18:00,M1.1,Yes,,0:17:10,0:17:22,0:19:22,98.6093112,11.252874,960,192
2.02309E+13,2023-09-07,19:01:00,M2.1,No,,19:00:54,19:03:30,19:36:54,-108.156175,20.646151,-729.6,268.8
2.02309E+13,2023-09-11,21:11:00,C8.2,Yes?,,21:10:22,21:11:58,21:24:34,-114.9077771,23.498371,-115.2,268.8
2.02309E+13,2023-09-12,21:54:00,C5.6,[No?],,21:53:34,21:54:46,21:56:34,-81.859801,17.245937,576,192