start_UTC,end_UTC,peak_UTC,4-10 keV,10-15 keV,15-25 keV,25-50 keV,50-84 keV,att_in,bkg 4-10 keV,bkg 10-15 keV,bkg 15-25 keV,bkg 25-50 keV,bkg 50-84 keV,bkg_baseline_4-10 keV,hpc_x_solo,hpc_y_solo,hpc_x_earth,hpc_y_earth,visible_from_earth,hgs_lon,hgs_lat,hgc_lon,hgc_lat,solo_position_lat,solo_position_lon,solo_position_AU_distance,GOES_class_time_of_flare,GOES_flux_time_of_flare,flare_id,sidelobes_ratio,Flare_ID,Date,Time (UT),flare_class,EO_tstart,EO_tpeak,EO_tend,EO_xcen,EO_ycen,depec_file,earth_position_lon,earth_position_lat,earth_position_AU_distance
2021-05-07T18:45:55.192,2021-05-07T20:03:23.200,2021-05-07 19:00:15.193,311295,34815,3199,1471,543,False,247.0,49.0,67.0,863.0,463.0,249.20793665320977,376.8252021878776,320.7746067174969,-877.9445985434577,299.2967229807546,True,-75.35047822327073,17.490535690315927,333.3000300097676,17.49053569031593,-0.3156765635503998,-97.44712309661776,0.9173895543308642,M3.9,3.9084439777070656e-05,2105071900,0.7542969784931689,20210507190000.0,2021-05-07,19:00:00,M4.0,2021-05-07 18:50:32,2021-05-07 19:01:45,2021-05-07 19:18:03,-899.7,280.8,eovsa.spec.flare_id_20210507190000.fits,0.0,-3.4644856715629593,1.0092215149459662
2021-05-09T13:46:11.348,2021-05-09T15:22:55.358,2021-05-09 13:55:11.349,13823,1343,991,1343,607,False,271.0,49.0,67.0,863.0,463.0,247.0,719.9934707797022,312.7204146583825,-710.0235636022408,313.3193715990142,True,-51.27344395560192,17.174740410728962,333.7356885761975,17.174740410728965,-0.3733577863163649,-97.48914169081117,0.922006274335658,C4.0,4.038655333715724e-06,2105091355,0.7459675851171019,20210509135500.0,2021-05-09,13:55:00,C4.0,2021-05-09 13:47:54,2021-05-09 13:55:02,2021-05-09 14:24:15,-707.0,333.0,eovsa.spec.flare_id_20210509135500.fits,7.52543216733383e-18,-3.460431265515237,1.009228557437884
2021-05-21T19:20:30.799,2021-05-21T19:36:54.801,2021-05-21 19:27:30.800,25599,2175,183,927,543,False,247.0,53.0,67.0,863.0,463.0,250.6146032884782,889.3955904671085,331.5187434482985,-459.2637960019056,330.84465465872773,True,-30.655588564315,18.73883991490601,192.59442088576648,18.73883991490601,-0.7450058977557453,-98.08541471475672,0.9447872346537772,C4.8,4.818649358639959e-06,2105211927,0.7450153619883342,20210521192500.0,2021-05-21,19:25:00,C5.0,2021-05-21 19:23:40,2021-05-21 19:29:49,2021-05-21 19:34:23,-452.8,316.1,eovsa.spec.flare_id_20210521192500.fits,5.903894232002414e-17,-3.4326778179446014,1.0092767650983672
2021-05-22T16:04:34.924,2021-05-22T16:41:34.931,2021-05-22 16:16:54.925,4351,335,107,927,543,False,271.0,49.0,67.0,863.0,463.0,248.6,940.2567452254792,334.82186702264994,-300.52696682093665,337.60608078959655,True,-19.531339903789277,19.10932177726213,192.24011691578824,19.10932177726213,-0.7698937454329549,-98.14196732929514,0.9458184316893128,C1.8,1.8050195649266243e-06,2105221616,0.7548302141737606,20210522161000.0,2021-05-22,16:10:00,C1.8,2021-05-22 16:08:31,2021-05-22 16:14:39,2021-05-22 16:23:44,-290.0,343.8,eovsa.spec.flare_id_20210522161000.fits,6.267939212524559e-17,-3.4307164871693687,1.0092801719244153
2021-08-21T18:37:06.033,2021-08-21T18:42:06.033,2021-08-21 18:38:42.033,1983,543,335,863,495,False,247.0,49.0,67.0,799.0,431.0,245.0109724701938,130.83814161147063,513.7730449652701,-867.000591149088,277.777998278494,True,-74.87523939029649,18.946292524359748,11.58079787311964,18.946292524359748,-1.250001087696024,-80.20745168741189,0.6487447725895793,B4.0,3.980186136232078e-07,2108211838,0.7717919754023197,20210821184100.0,2021-08-21,18:41:00,B3.9,2021-08-21 18:40:46,2021-08-21 18:41:07,2021-08-21 18:46:43,-873.4,280.8,eovsa.spec.flare_id_20210821184100.fits,4.463273345747862e-16,-3.224022106903002,1.0096391994824259
2021-08-21T22:08:30.055,2021-08-21T22:34:22.057,2021-08-21 22:26:10.056,1855,303,151,927,495,False,247.0,49.0,67.0,799.0,431.0,245.0109724701938,192.7795477914292,523.1156806260915,-853.1503838934004,278.78321463316934,True,-72.1533683806752,19.32150126328304,12.215086918424385,19.32150126328304,-1.2384376120580989,-80.03164684182912,0.6479235478475998,B4.7,4.718359605249134e-07,2108212226,0.8032106585565265,20210821215700.0,2021-08-21,21:57:00,B3.9,2021-08-21 22:01:31,2021-08-21 22:26:48,2021-08-21 22:31:49,-903.3,341.6,eovsa.spec.flare_id_20210821215700.fits,4.469873336484364e-16,-3.22366652543257,1.0096398171264414
2021-08-29T17:04:56.697,2021-08-29T17:48:52.701,2021-08-29 17:18:52.698,17407,1983,463,927,495,False,271.0,53.0,67.0,799.0,431.0,247.36933933522084,1447.6458939644676,-691.6754009501931,296.528742230976,-521.5791000737019,True,19.645916865678743,-25.53930854391205,1.1276050366287491,-25.53930854391205,-0.5858347226704506,-70.38703932738588,0.6129369161521213,C3.0,2.9934315080026863e-06,2108291718,0.7836264747197282,20210829172100.0,2021-08-29,17:21:00,C2.9,2021-08-29 17:09:32,2021-08-29 17:18:12,2021-08-29 18:00:04,273.4,-525.3,eovsa.spec.flare_id_20210829172100.fits,4.7977448503129e-16,-3.206002101397063,1.0096705001813795
2021-09-08T17:13:01.900,2021-09-08T18:08:45.906,2021-09-08 17:24:25.901,126975,14847,3711,1343,543,False,247.0,49.0,67.0,799.0,431.0,233.6666666666667,1126.7899360698511,-470.64030919893975,-158.03649873053655,-381.90538705357966,True,-9.921186837916366,-16.402642163448277,199.43024502203417,-16.402642163448277,0.4162053827687317,-55.71725837348214,0.5885178410829385,C8.3,8.337455255968962e-06,2109081724,0.7664107293448535,20210908172400.0,2021-09-08,17:24:00,C8.3,2021-09-08 17:20:20,2021-09-08 17:24:42,2021-09-08 17:49:15,-178.4,-388.7,eovsa.spec.flare_id_20210908172400.fits,5.219055388155398e-16,-3.183303551272427,1.0097099274991959
2021-09-21T20:16:00.122,2021-09-21T20:27:56.124,2021-09-21 20:20:36.123,1983,303,183,863,495,False,247.0,49.0,67.0,799.0,431.0,236.8666666666667,-142.73618265334517,-784.7647902049365,-561.1945562548935,-518.3623459320197,True,-41.343066770265295,-27.55441179701815,354.76276271921574,-27.55441179701815,1.618571367615854,-35.60528896127232,0.5996972685498958,B5.1,5.118644708090869e-07,2109212020,0.774360507542068,20210921202400.0,2021-09-21,20:24:00,B5.1,2021-09-21 20:22:57,2021-09-21 20:24:01,2021-09-21 20:28:06,-575.6,-512.9,eovsa.spec.flare_id_20210921202400.fits,5.771755993416066e-16,-3.1535262225194582,1.0097616506356086
2021-09-22T20:07:04.072,2021-09-22T20:18:20.074,2021-09-22 20:10:16.073,6399,1471,1215,1471,543,False,247.0,49.0,67.0,799.0,431.0,242.7186661201564,163.60136478383237,-788.1358812565919,-392.4989601424895,-535.7269398210981,True,-27.552357331125165,-27.77671788843627,355.44889545288174,-27.77671788843627,1.6896640256839133,-34.17723923742682,0.6025056207207544,C1.1,1.1058975815103622e-06,2109222010,0.757565580334143,20210922201200.0,2021-09-22,20:12:00,C1.1,2021-09-22 20:10:53,2021-09-22 20:12:40,2021-09-22 20:15:31,-413.5,-534.9,eovsa.spec.flare_id_20210922201200.fits,5.813536113492951e-16,-3.15127527443106,1.0097655605261162
2021-09-23T20:32:40.122,2021-09-23T20:49:08.124,2021-09-23 20:37:20.123,4863,799,367,927,495,False,271.0,49.0,67.0,799.0,431.0,242.8065039970336,438.54203692906896,-773.8773530354516,-216.0759141065646,-538.4866469293928,True,-14.687889699861216,-27.374832732384945,354.8664368990183,-27.374832732384945,1.7588499739533483,-32.73635987418595,0.6056460234572444,C1.1,1.0637852483341703e-06,2109232037,0.7536097020513696,20210923204000.0,2021-09-23,20:40:00,C1.0,2021-09-23 20:39:18,2021-09-23 20:40:27,2021-09-23 20:47:51,-230.6,-534.1,eovsa.spec.flare_id_20210923204000.fits,5.856460667381985e-16,-3.148962668762526,1.0097695775156674
2021-09-25T19:09:40.409,2021-09-25T19:31:36.412,2021-09-25 19:13:48.410,12799,1215,399,927,495,False,247.0,49.0,67.0,799.0,431.0,242.00761193876053,908.3389698130694,-757.37282909578,154.50105539497295,-538.9926072662055,True,10.434842753870097,-27.33176173185217,354.35849238158795,-27.33176173185217,1.879910192742119,-30.064600731820065,0.6123271858512852,C1.7,1.7193410712934565e-06,2109251913,0.7878896108819421,20210925191500.0,2021-09-25,19:15:00,C1.7,2021-09-25 19:14:39,2021-09-25 19:15:33,2021-09-25 19:29:55,143.6,-541.7,eovsa.spec.flare_id_20210925191500.fits,5.938201901153033e-16,-3.144558773475446,1.0097772270694125
2021-10-12T15:56:16.112,2021-10-12T16:12:28.114,2021-10-12 15:59:08.113,2687,991,927,1215,543,False,247.0,49.0,67.0,799.0,431.0,237.40000000000003,927.3134205473366,346.86539791183577,499.4371356340144,186.72217613877305,True,32.62636110939062,16.269663019253656,154.03582279840217,16.269663019253656,2.364970250156487,-11.870256738021569,0.6991857387174939,B5.9,5.926475523665431e-07,2110121559,0.7465577259743696,20211012155700.0,2021-10-12,15:57:00,B6,2021-10-12 15:59:14,2021-10-12 16:00:09,2021-10-12 16:08:12,516.3,186.9,eovsa.spec.flare_id_20211012155700.fits,6.648392293496182e-16,-3.1062965161362706,1.009843688502949
2021-11-01T20:40:10.766,2021-11-01T20:45:50.767,2021-11-01 20:42:42.767,8703,735,399,927,495,False,247.0,49.0,67.0,799.0,463.0,240.74001220089644,-57.56273659877479,284.1365315533364,-72.5864567081444,201.79405448138945,True,-4.466449287737362,16.27748212251128,210.57704153306557,16.27748212251128,2.0920782567369365,-1.5012501099884616,0.831969635577377,C2.1,2.1127382296981523e-06,2111012042,0.7610690180425272,20211101204300.0,2021-11-01,20:43:00,C2.1,2021-11-01 20:42:05,2021-11-01 20:43:12,2021-11-01 20:47:19,-82.3,223.1,eovsa.spec.flare_id_20211101204300.fits,7.498910839819076e-16,-3.060473931316756,1.0099232822040853
2021-11-03T21:01:03.064,2021-11-03T22:23:19.070,2021-11-03 21:12:11.065,14847,799,167,927,495,False,247.0,49.0,67.0,799.0,431.0,223.00000000000009,1071.9833539495137,-481.0228395803349,913.0864103167196,-410.9028376449989,True,87.90260358170187,-24.14418136594372,276.30625754304083,-24.14418136594372,2.041438515008484,-1.0029264271607872,0.8452785013579079,C5.2,5.239914571575355e-06,2111032112,0.758060239764766,20211103211400.0,2021-11-03,21:14:00,C5.2,2021-11-03 21:09:25,2021-11-03 21:14:45,2021-11-03 21:28:12,900.2,-390.5,eovsa.spec.flare_id_20211103211400.fits,7.584057592774681e-16,-3.055886560087425,1.0099312504550269
2021-12-12T20:49:08.682,2021-12-12T21:28:48.686,2021-12-12 21:12:16.684,1471,167,91,863,495,False,247.0,49.0,67.0,799.0,431.0,238.8646612480572,-856.1761108092032,-349.4890764202632,-897.0010115206242,-356.21384125580494,True,-81.49663606377072,-21.524831474805826,312.8714497761978,-21.52483147480583,0.5803575573726341,-5.086346047151949,1.014041372019472,C1.2,1.2098096249246737e-06,2112122112,0.7740675550702579,20211212211300.0,2021-12-12,21:13:00,C1.2,2021-12-12 21:11:00,2021-12-12 21:13:00,2021-12-12 21:15:00,-903.9,-333.2,eovsa.spec.flare_id_20211212211300.fits,9.226376165071414e-16,-2.967404912738185,1.010084942827967
2021-12-31T19:38:48.249,2021-12-31T20:41:44.256,2021-12-31 19:46:28.250,27647,1983,231,927,495,False,247.0,49.0,67.0,799.0,431.0,240.44414499622965,902.3506337894604,322.9384151651144,881.4239329452286,340.6669663623593,True,73.32614769700096,19.586472289841485,218.1855791513704,19.586472289841485,-0.3839564578268059,-11.47837305962355,0.997786746703412,C8.2,8.1711123129935e-06,2112311946,0.7532670178955693,20211231194200.0,2021-12-31,19:42:00,C8.1,2021-12-31 19:42:34,2021-12-31 19:50:42,2021-12-31 20:10:27,854.1,355.9,eovsa.spec.flare_id_20211231194200.fits,1.0024098197355816e-15,-2.9244267958649175,1.0101595956962695
2022-01-18T17:28:07.965,2022-01-18T17:53:39.968,2022-01-18 17:39:07.967,69631,4863,399,927,495,False,247.0,49.0,67.0,799.0,431.0,239.41610959291225,987.5975827997172,152.6920584380507,829.5976867135571,181.1584956566403,True,59.05271218705801,8.188701496181071,328.035182971821,8.188701496181071,-1.3559725913271008,-16.5405342675744,0.9322618108296872,M1.5,1.5293571777874604e-05,2201181739,0.7458328126661082,20220118173800.0,2022-01-18,17:38:00,M1.5,2022-01-18 17:21:42,2022-01-18 17:37:18,2022-01-18 18:18:28,797.1,202.2,eovsa.spec.flare_id_20220118173800.fits,1.0778213792061529e-15,-2.8837980218640245,1.0102301677626009
2022-01-28T18:57:08.753,2022-01-28T19:42:24.754,2022-01-28 19:31:36.753,15871,1855,463,863,495,False,247.0,49.0,67.0,799.0,431.0,244.3627364684527,-45.92868070397526,360.20685171930364,-331.82658170489594,373.7153996603429,True,-20.79258850037792,17.084654858679457,115.48986035613004,17.084654858679457,-1.9499601527527664,-18.299407528893425,0.8728152924499304,C2.8,2.761081532298704e-06,2201281931,0.7407065106980065,20220128193100.0,2022-01-28,19:31:00,C2.8,2022-01-28 19:30:01,2022-01-28 19:31:05,2022-01-28 19:43:37,-324.0,375.2,eovsa.spec.flare_id_20220128193100.fits,1.1202661774728993e-15,-2.860930438586343,1.0102698886905295
2022-01-29T22:44:00.621,2022-01-30T00:13:24.630,2022-01-29 23:15:08.624,55295,4863,495,863,543,False,303.0,49.0,67.0,799.0,431.0,253.5336723089005,238.55104119218385,384.1046219063679,-87.46945718303323,398.1665503373133,True,-5.401963449810808,18.191326830222533,115.67018304986983,18.191326830222533,-2.0208512687430424,-18.42244170965938,0.8649122768886313,M1.1,1.1373059351171833e-05,2201292315,0.7296312165861357,20220129230000.0,2022-01-29,23:00:00,M1.1,2022-01-29 22:56:41,2022-01-29 23:10:14,2022-01-29 23:42:36,-14.8,370.2,eovsa.spec.flare_id_20220129230000.fits,1.1251182746433368e-15,-2.8583163199982633,1.010274429407175
2022-02-03T20:37:56.549,2022-02-03T20:46:56.550,2022-02-03 20:41:32.549,3455,927,607,991,495,False,271.0,49.0,67.0,799.0,431.0,242.86319788574963,1122.358215754728,280.6515453071209,882.5909234430576,270.3264658590448,True,68.92603989110093,13.948476101042171,125.57030790903045,13.948476101042171,-2.3281730306012265,-18.709778575485306,0.8288788276102679,C1.4,1.3673065950570162e-06,2202032041,0.7607195286189936,20220203204200.0,2022-02-03,20:42:00,C1.3,2022-02-03 20:41:17,2022-02-03 20:41:47,2022-02-03 20:44:33,831.6,310.9,eovsa.spec.flare_id_20220203204200.fits,1.1457401628404898e-15,-2.8472060599676277,1.0102937278976445
2022-02-08T21:33:24.097,2022-02-08T22:13:36.102,2022-02-08 21:40:52.098,27647,1983,271,927,495,False,247.0,49.0,67.0,799.0,431.0,240.08116349097736,1045.5357247309032,-396.1006788299362,671.9902391506529,-261.3481726425888,True,47.16388377203091,-20.03856535974936,37.43060052595872,-20.03856535974936,-2.656989120435773,-18.524828915294336,0.7873420115635822,C5.2,5.169662017578958e-06,2202082140,0.7402157817182263,20220208214000.0,2022-02-08,21:40:00,C5.1,2022-02-08 21:37:00,2022-02-08 21:40:46,2022-02-08 21:45:31,642.2,-243.1,eovsa.spec.flare_id_20220208214000.fits,1.1669686789433342e-15,-2.8357689727468895,1.0103135940860253
2022-03-30T17:18:15.999,2022-03-30T18:46:12.008,2022-03-30 17:30:16.000,6478852,221183,59391,12799,1855,True,303.0,49.0,64.0,799.0,431.0,342.38706646572973,-2529.4829629037995,597.4630405777572,487.2656604458128,303.27617369280506,True,31.205560313450285,12.696868783361612,84.9209708863388,12.696868783361612,1.6301150948100238,95.53153037230658,0.33539935455512,X1.4,0.0001379779569106,2203301730,0.7928479197642134,20220330173000.0,2022-03-30,17:30:00,X1.4,2022-03-30 17:25:20,2022-03-30 17:31:09,2022-03-30 18:02:17,493.7,320.3,eovsa.spec.flare_id_20220330173000.fits,1.3767989124669173e-15,-2.7227207186564657,1.0105099585858783
2022-03-31T18:15:48.158,2022-03-31T19:48:20.167,2022-03-31 18:26:44.159,4202464,311295,69631,17407,3455,True,303.0,49.0,67.0,799.0,431.0,417.4680667332263,-2254.4245485179126,507.7880144836618,681.281352048981,266.2786564301076,True,46.22283482350869,11.55104353985766,86.23042017293893,11.551043539857664,2.057228015008709,100.7378893558242,0.3421063736121466,M9.7,9.672062151366843e-05,2203311826,0.8150649445822596,20220331182800.0,2022-03-31,18:28:00,M9.7,2022-03-31 18:25:39,2022-03-31 18:28:26,2022-03-31 18:29:49,690.0,289.0,eovsa.spec.flare_id_20220331182800.fits,1.381177639058869e-15,-2.720361633466277,1.010514056310228
2022-03-31T18:36:24.160,2022-03-31T19:50:56.168,2022-03-31 19:34:12.166,1376255,118783,7423,1087,543,True,303.0,49.0,67.0,799.0,431.0,283.63604651279803,-2121.686501318123,501.9170886463332,732.2636796136752,259.8349823704828,True,50.92745930552052,11.569868306152268,90.3170242860484,11.569868306152268,2.0755517462984447,100.96675446799392,0.3424374769399218,M5.9,5.860851160832681e-05,2203311934,0.8401074693707345,20220331193200.0,2022-03-31,19:32:00,C5,2022-03-31 19:23:23,2022-03-31 19:34:25,2022-03-31 19:49:15,675.4,306.3,eovsa.spec.flare_id_20220331193200.fits,1.3813706038570615e-15,-2.7202576716435676,1.010514236891622
2022-09-16T15:45:59.557,2022-09-16T16:34:43.562,2022-09-16 15:55:15.558,1114111,139263,19455,9727,2943,False,303.0,45.0,61.0,735.0,399.0,254.682595702962,-1520.1656465460546,568.7737000295076,891.0161825560801,286.99150853151974,True,80.34298980015932,18.83942349372475,47.32654827910055,18.839423493724745,-5.456134081059913,156.22097147494728,0.580065036436972,M6.2,6.20414357399568e-05,2209161555,0.7886719040515533,20220916155100.0,2022-09-16,15:51:00,M6.7,2022-09-16 15:50:20,2022-09-16 15:51:06,2022-09-16 16:31:15,910.7,307.4,eovsa.spec.flare_id_20220916155100.fits,2.092411084365225e-15,-2.337177104276093,1.011179646761237
2022-10-19T21:35:36.372,2022-10-19T21:55:04.374,2022-10-19 21:39:40.372,139263,14847,2687,1215,463,False,231.0,45.0,57.0,735.0,399.0,222.9560557341169,2369.020132271105,-653.8244188453218,-241.46432823571377,-271.5428360195672,True,-14.731058370860524,-10.974713925117886,233.6322463210322,-10.974713925117882,3.805066098867625,-71.22363970089941,0.3338823532434596,C4.2,4.200574494461762e-06,2210192139,0.8049616057437236,20221019214400.0,2022-10-19,21:44:00,C4.2,2022-10-19 21:44:10,2022-10-19 21:44:32,2022-10-19 21:49:43,-268.8,-261.3,eovsa.spec.flare_id_20221019214400.fits,2.232414429702615e-15,-2.2617488235587118,1.0113106654729989
2022-10-25T18:51:05.969,2022-10-25T19:36:57.974,2022-10-25 18:58:09.970,77823,4863,543,863,463,False,247.0,45.0,57.0,735.0,399.0,226.31513091362743,-1002.38012965722,781.8848612155223,-848.0240731390659,390.0301161527376,True,-75.89745611607214,25.131807236957854,94.819550777895,25.131807236957854,6.72991639444011,-48.24002443976036,0.4060816612430514,C4.9,4.922897915093927e-06,2210251858,0.7857705164828012,20221025190000.0,2022-10-25,19:00:00,C4.9,2022-10-25 18:59:44,2022-10-25 19:00:55,2022-10-25 19:03:23,-842.0,420.0,eovsa.spec.flare_id_20221025190000.fits,2.257203168265959e-15,-2.2483936288919,1.0113338634086262
2022-11-10T18:09:40.067,2022-11-10T18:15:32.067,2022-11-10 18:12:04.067,1599,399,247,863,431,False,271.0,45.0,57.0,735.0,399.0,226.6386173673617,670.1053357146498,108.8978914720717,62.24735762902606,131.0679988402797,True,3.7372795450008143,11.100233387174113,323.91568717858473,11.10023338717411,7.898039821184168,-21.991955869052333,0.6139901498980841,B9.6,9.55272753344616e-07,2211101812,0.7656741519922776,20221110181400.0,2022-11-10,18:14:00,B9.7,2022-11-10 18:13:33,2022-11-10 18:14:15,2022-11-10 18:18:15,21.3,160.6,eovsa.spec.flare_id_20221110181400.fits,2.324445965846617e-15,-2.212165861620246,1.0113967909386294
2022-11-12T17:58:51.861,2022-11-12T18:07:39.862,2022-11-12 18:00:31.861,69631,8703,4863,2687,735,False,247.0,45.0,57.0,735.0,399.0,227.41858073008405,1134.0788530386808,161.90943877405047,466.0802028102317,143.609586203052,True,29.230828645727996,11.231791137477131,323.14849527014,11.231791137477131,7.809075348067468,-20.594868445311192,0.6369335054996718,C6.5,6.548790224769618e-06,2211121800,0.765654154108341,20221112180200.0,2022-11-12,18:02:00,C6.5,2022-11-12 18:01:36,2022-11-12 18:02:30,2022-11-12 18:11:49,444.1,165.5,eovsa.spec.flare_id_20221112180200.fits,2.3328340125627943e-15,-2.2076467128752384,1.0114046406873072
2022-11-14T19:06:04.184,2022-11-14T19:58:08.189,2022-11-14 19:25:20.186,38911,5375,991,863,495,False,271.0,45.0,57.0,735.0,399.0,277.03155642527105,1318.2761719273617,518.8438324980883,771.111527830028,349.543589591231,True,59.24971268937633,22.587229388839933,326.02580194020345,22.587229388839937,7.698035332714965,-19.39668730044372,0.6597460346780126,C5.1,5.123133178130956e-06,2211141925,0.773659337018117,20221114192700.0,2022-11-14,19:27:00,C5.1,2022-11-14 19:26:10,2022-11-14 19:27:51,2022-11-14 19:30:39,755.4,354.6,eovsa.spec.flare_id_20221114192700.fits,2.3415060231371345e-15,-2.2029745756030246,1.011412756176627
2022-11-18T21:57:36.505,2022-11-18T22:06:28.506,2022-11-18 22:01:56.506,8703,799,463,863,431,False,231.0,45.0,57.0,735.0,399.0,226.53177527957823,-629.4983375521842,-481.1160517130084,-677.467441819841,-262.9513838443066,True,-45.82593937610875,-13.994214903120357,166.7898316277254,-13.994214903120357,7.435164570808951,-17.62554575495483,0.7025044950708128,C1.9,1.869315156000084e-06,2211182201,0.7628923077688826,20221118220400.0,2022-11-18,22:04:00,C1.9,2022-11-18 22:03:32,2022-11-18 22:04:00,2022-11-18 22:05:07,-684.4,-267.2,eovsa.spec.flare_id_20221118220400.fits,2.358807493573787e-15,-2.193653225704032,1.0114289473352223
2022-12-14T19:03:24.401,2022-12-14T19:16:08.402,2022-12-14 19:09:00.401,10751,1855,671,863,431,False,247.0,45.0,57.0,735.0,399.0,275.25307361291715,903.76361814002,-472.9509037604431,678.7268636271192,-388.652280157433,True,49.480029864581695,-23.985488277826416,281.0462263320241,-23.98548827782641,5.330661056325242,-17.04623366910954,0.8909717198426492,C3.8,3.848751475743484e-06,2212141909,0.7473556569032737,20221214190900.0,2022-12-14,19:09:00,C3.0,2022-12-14 19:08:55,2022-12-14 19:09:13,2022-12-14 19:09:54,668.6,-342.6,eovsa.spec.flare_id_20221214190900.fits,2.4677876655562395e-15,-2.134939007232242,1.0115309337678058
2022-12-14T19:21:12.403,2022-12-14T20:00:00.407,2022-12-14 19:31:56.404,23551,2431,271,799,463,False,247.0,45.0,57.0,735.0,399.0,275.25307361291715,922.3574281831202,-452.7807314807576,701.5420501398858,-372.691682253512,True,51.23037589748724,-22.952735039083706,282.5867477650619,-22.95273503908369,5.329285809014037,-17.049086717960677,0.8910473689351995,C6.4,6.402145572792506e-06,2212141931,0.7510835281554951,20221214193300.0,2022-12-14,19:33:00,C6.4,2022-12-14 19:30:57,2022-12-14 19:36:37,2022-12-14 19:52:57,654.0,-333.1,eovsa.spec.flare_id_20221214193300.fits,2.4678677954193837e-15,-2.134895836422312,1.0115310087553813
2022-12-14T21:34:00.417,2022-12-14T22:48:20.424,2022-12-14 22:05:48.420,344063,43007,3967,863,463,False,247.0,45.0,57.0,735.0,399.0,275.25307361291715,932.690762521825,-453.7982134778086,720.085557491305,-377.1366310503882,True,53.31942100572463,-23.221729215206,283.2680189960307,-23.221729215206,5.320057609612586,-17.06829038912474,0.891553705452218,M4.5,4.540924055618234e-05,2212142205,0.7413928622880462,20221214220600.0,2022-12-14,22:06:00,M4.5,2022-12-14 21:47:48,2022-12-14 22:06:09,2022-12-14 22:09:28,662.1,-372.8,eovsa.spec.flare_id_20221214220600.fits,2.4683050978113123e-15,-2.1346602351408053,1.0115314179941455
2022-12-16T19:01:44.002,2022-12-16T19:39:12.006,2022-12-16 19:06:44.002,43007,5375,1471,991,463,False,303.0,45.0,57.0,735.0,399.0,264.1731027964911,1026.4166996426688,-402.6685370359168,886.32306389498,-360.9806020655132,True,70.39426431419668,-21.314596098437235,275.63191239388567,-21.314596098437228,5.157716764110171,-17.422282893385443,0.9000983163185211,C9.1,9.10242488316726e-06,2212161906,0.7405885488010104,20221216190600.0,2022-12-16,19:06:00,C9.1,2022-12-16 19:04:44,2022-12-16 19:06:08,2022-12-16 19:13:06,875.2,-342.3,eovsa.spec.flare_id_20221216190600.fits,2.47620105748459e-15,-2.130406203486534,1.0115388072351814
2022-12-17T19:28:16.155,2022-12-17T20:15:08.161,2022-12-17 19:49:48.158,55295,4863,495,927,463,False,247.0,45.0,57.0,735.0,399.0,226.1992124814872,-786.1533236834221,256.77466946548554,-866.5307382794563,296.30492247132173,True,-68.30595226972929,17.216272294471093,123.36350300392009,17.21627229447109,5.0682943952729165,-17.629557806485934,0.904515139920818,M1.1,1.0913767255260607e-05,2212171949,0.7602186712231583,20221217194600.0,2022-12-17,19:46:00,M1.0,2022-12-17 19:40:24,2022-12-17 19:47:42,2022-12-17 20:09:27,-867.8,328.6,eovsa.spec.flare_id_20221217194600.fits,2.4805338215090556e-15,-2.128071881114937,1.0115428619465847
2022-12-25T21:51:12.368,2022-12-25T22:09:12.369,2022-12-25 21:55:36.368,6399,863,167,799,463,False,247.0,45.0,57.0,735.0,399.0,237.36595226071128,723.9216253592041,335.0842050089599,448.5194741835719,394.7514917800098,True,29.57764290687437,21.83917936642235,114.71429225850738,21.839179366422343,4.358845795851699,-19.51720357975779,0.93253371622668,C2.2,2.2241638362174854e-06,2212252155,0.7482219679631961,20221225215600.0,2022-12-25,21:56:00,C2.2,2022-12-25 21:54:33,2022-12-25 21:55:43,2022-12-25 21:58:26,461.3,389.5,eovsa.spec.flare_id_20221225215600.fits,2.5145978354377163e-15,-2.109719533899376,1.0115747399221546
2022-12-26T16:47:00.386,2022-12-26T17:26:16.390,2022-12-26 16:57:48.387,8703,1215,399,799,463,False,271.0,45.0,57.0,735.0,399.0,241.24848777775503,828.4070837073391,337.03914723473025,587.0083760005411,383.9552759261727,True,40.08952672728371,21.324229423985827,114.77850404731343,21.32422942398583,4.288505324277387,-19.722568810964503,0.9346533462497112,C4.4,4.408931545185624e-06,2212261657,0.7375204595716403,20221226165700.0,2022-12-26,16:57:00,C4.4,2022-12-26 16:55:50,2022-12-26 16:57:47,2022-12-26 16:59:05,583.0,410.9,eovsa.spec.flare_id_20221226165700.fits,2.5179377495152805e-15,-2.107920119921036,1.0115778654991812
2022-12-27T19:34:40.453,2022-12-27T21:12:12.465,2022-12-27 20:36:20.459,10751,1727,927,1087,463,False,271.0,45.0,57.0,735.0,399.0,243.83288224348084,-881.560497340979,-402.0845211521146,-906.5660754404962,-356.65472793206624,True,-87.69095361825299,-21.56412645672586,331.8276591963819,-21.56412645672586,4.186095342904123,-20.02582926536257,0.9375336051110522,C4.5,4.528409135673428e-06,2212272036,0.8005664973036553,20221227203600.0,2022-12-27,20:36:00,C4.5,2022-12-27 20:35:11,2022-12-27 20:35:44,2022-12-27 20:36:46,-934.2,-318.5,eovsa.spec.flare_id_20221227203600.fits,2.5227863373486523e-15,-2.105307892025359,1.0115824029316995
2022-12-29T18:16:08.445,2022-12-29T18:22:40.445,2022-12-29 18:18:32.445,204799,27647,5375,1215,431,False,231.0,45.0,57.0,735.0,367.0,225.03388350109452,-875.6864056901541,313.0620942487726,-917.2126942826436,329.25263545198754,True,-86.12529094563803,19.56314048289289,308.3113148069892,19.56314048289289,4.016026307246637,-20.539153358490186,0.9417844193772348,M2.2,2.178259455831721e-05,2212291818,0.7535026049751377,20221229181800.0,2022-12-29,18:18:00,M2.4,2022-12-29 18:16:06,2022-12-29 18:18:21,2022-12-29 19:33:46,-917.9,353.4,eovsa.spec.flare_id_20221229181800.fits,2.530806975969641e-15,-2.100986688271415,1.0115899088504838
2022-12-30T19:22:36.302,2022-12-30T20:29:40.308,2022-12-30 19:36:52.303,311295,38911,6399,1983,607,False,271.0,45.0,57.0,735.0,399.0,224.5470352024383,219.5788378034264,278.8096579420171,-122.44219782412983,374.4692806466529,True,-7.626917678622192,19.667549099901805,12.922255050335362,19.66754909990181,3.921436675933363,-20.829094790008583,0.9438649089534104,M3.7,3.742356784641743e-05,2212301936,0.7552222094248981,20221230190900.0,2022-12-30,19:09:00,C4.0,2022-12-30 19:08:23,2022-12-30 19:37:56,2022-12-30 19:58:08,-140.2,380.0,eovsa.spec.flare_id_20221230190900.fits,2.5352509177421836e-15,-2.0985924677140186,1.0115940676048676
2022-12-31T21:17:20.464,2022-12-31T22:17:36.469,2022-12-31 21:45:32.466,43007,4351,863,799,463,False,271.0,45.0,57.0,735.0,399.0,224.4118997131037,-568.287561506033,276.0167727256248,-778.5053625723813,341.0179419162798,True,-57.27167854991285,18.831991527850825,308.9298233391575,18.831991527850825,3.823374463277807,-21.132458090276543,0.9458105448535316,C9.1,9.110010068980046e-06,2212312145,0.7457174482450923,20221231214200.0,2022-12-31,21:42:00,C9.1,2022-12-31 21:38:50,2022-12-31 21:42:58,2022-12-31 21:43:37,-780.7,359.7,eovsa.spec.flare_id_20221231214200.fits,2.5398277756563643e-15,-2.0961266371817375,1.0115983507455768
2024-01-02T17:59:35.210,2024-01-02T19:06:55.218,2024-01-02 18:15:35.212,23551,2175,863,863,431,False,215.0,41.0,53.0,671.0,335.0,206.19033847613247,-621.0063415679615,20.599883106449983,-804.1006743037142,92.58118650135532,True,-55.46441032295047,3.652489136211092,148.75174977204196,3.652489136211092,3.151434725511466,-17.42193095775457,0.9536035175357812,M1.2,1.1524911315063946e-05,2401021815,0.7531189393310032,20240102181000.0,2024-01-02,18:10:00,M1.2,2024-01-02 18:07:41,2024-01-02 18:10:54,2024-01-02 18:13:56,-794.3,121.3,eovsa.spec.flare_id_20240102181000.fits,4.0847196447266486e-15,-1.2637998288657273,1.0130441000739874
2024-01-02T21:58:03.236,2024-01-02T22:12:35.237,2024-01-02 22:02:23.236,1471,271,123,735,399,False,247.0,41.0,53.0,671.0,335.0,204.25058786308816,-545.2627565227449,5.7155838031804365,-750.6418424521107,85.04423553797241,True,-50.192771850202405,2.9640930020051,151.94905779939504,2.9640930020050997,3.1368120168958216,-17.468179110139772,0.9536674301223116,C1.1,1.1306208307360066e-06,2401022202,0.7673515210388523,20240102220100.0,2024-01-02,22:01:00,C1.1,2024-01-02 22:00:27,2024-01-02 22:01:13,2024-01-02 22:04:08,-771.7,92.0,eovsa.spec.flare_id_20240102220100.fits,4.085393193740675e-15,-1.2634369472218316,1.0130447303983836
2024-01-06T16:12:39.119,2024-01-06T16:43:47.123,2024-01-06 16:32:03.122,3199,431,115,735,399,False,231.0,41.0,53.0,671.0,335.0,209.35596527860145,-669.6245114097837,-349.2078464528053,-826.5645732623525,-279.4329598409139,True,-62.9290304436762,-18.273284518107054,89.55493692863202,-18.273284518107054,2.783477321047123,-18.580643073752924,0.9539199825943436,C2.4,2.3784175482433056e-06,2401061632,0.7371797950529636,20240106163000.0,2024-01-06,16:30:00,C2.4,2024-01-06 16:28:28,2024-01-06 16:29:06,2024-01-06 16:30:50,-830.3,-245.8,eovsa.spec.flare_id_20240106163000.fits,4.101266753914995e-15,-1.2548848990552148,1.01305958528203
2024-01-10T19:01:35.858,2024-01-10T19:16:59.860,2024-01-10 19:05:47.858,25599,2175,367,863,399,False,247.0,41.0,49.0,671.0,335.0,241.88862830146152,960.0510800257838,133.5075792153877,784.3314424644902,180.25615486317224,True,54.13530173685806,8.267371855273284,152.53858189083192,8.267371855273284,2.390672381462214,-19.79200352962556,0.9514037878666076,C6.5,6.522121111629531e-06,2401101905,0.7643595273186643,20240110190000.0,2024-01-10,19:00:00,C6.5,2024-01-10 19:00:39,2024-01-10 19:02:38,2024-01-10 19:08:08,757.0,184.8,eovsa.spec.flare_id_20240110190000.fits,4.118560572047216e-15,-1.2455676719160422,1.0130757692794028
2024-01-22T21:16:52.636,2024-01-22T22:42:48.645,2024-01-22 21:20:28.636,376831,55295,6399,799,367,False,367.0,41.0,49.0,671.0,335.0,306.39524264644905,802.0223337871465,-348.70312061630744,485.6048284620184,-244.8280504083048,True,31.652150534960537,-18.965600210245206,330.81310811999936,-18.965600210245206,1.1708218951999487,-23.165747930850785,0.9269614588462888,M3.4,3.4482101909816265e-05,2401222120,0.7379110995566046,20240122212000.0,2024-01-22,21:20:00,M3.4,2024-01-22 21:19:12,2024-01-22 21:19:56,2024-01-22 21:28:09,453.2,-216.1,eovsa.spec.flare_id_20240122212000.fits,4.1694965525474135e-15,-1.2181253745443241,1.0131234364728645
2024-02-04T20:52:55.858,2024-02-04T21:02:55.860,2024-02-04 20:55:59.859,110591,10751,2175,1471,607,False,231.0,37.0,49.0,671.0,335.0,269.1718687421055,-827.7002897516359,-419.961142245371,-886.5213565134909,-354.4561383824279,True,-80.22997297675886,-22.535486962445734,47.98465806032205,-22.535486962445734,-0.2907263317907897,-25.94293303424945,0.871637260139599,M1.3,1.2765834071615243e-05,2402042055,0.7662711387943246,20240204205500.0,2024-02-04,20:55:00,M1.3,2024-02-04 20:55:19,2024-02-04 20:56:16,2024-02-04 21:07:24,-890.9,-293.7,eovsa.spec.flare_id_20240204205500.fits,4.224172998959443e-15,-1.18866786166378,1.013174604090005
2024-02-06T18:19:23.956,2024-02-06T19:31:03.961,2024-02-06 18:46:35.959,69631,6399,543,735,367,False,335.0,41.0,49.0,671.0,335.0,226.80973720758823,910.315244311372,-739.3908769825083,715.641251563926,-604.0880542125624,True,63.99057631202252,-39.08474511213976,167.0549670961752,-39.08474511213976,-0.523933236678255,-26.225141490740786,0.8608564219894667,M1.3,1.3330248293641487e-05,2402061846,0.7570192017503152,20240206184500.0,2024-02-06,18:45:00,M1.3,2024-02-06 18:39:11,2024-02-06 18:48:24,2024-02-06 18:54:26,718.5,-575.2,eovsa.spec.flare_id_20240206184500.fits,4.2322214685730316e-15,-1.1843316636686816,1.0131821360537439
2024-02-08T16:42:00.055,2024-02-08T17:41:56.062,2024-02-08 17:05:36.058,63487,11775,2431,927,367,False,335.0,41.0,49.0,671.0,335.0,228.28160001554505,110.23642580751542,-315.3166911892116,-329.46310525829904,-183.18463436006672,True,-20.642449166729875,-16.88466641871787,57.01186071381088,-16.884666418717867,-0.7652882920945321,-26.465764531152104,0.8492544004222367,C7.0,7.046404789434746e-06,2402081705,0.7425393343388802,20240208170500.0,2024-02-08,17:05:00,C7.0,2024-02-08 17:05:10,2024-02-08 17:05:33,2024-02-08 17:07:23,-356.2,-165.3,eovsa.spec.flare_id_20240208170500.fits,4.240343098116436e-15,-1.179956049988835,1.0131897364824167
2024-02-08T18:23:48.067,2024-02-08T19:20:20.072,2024-02-08 19:00:56.070,237567,34815,6911,2175,607,False,335.0,41.0,49.0,671.0,335.0,228.28160001554505,133.16692257092993,-318.6961420531314,-310.62628124514595,-185.3001296341029,True,-19.43187809435489,-17.060942322663866,57.16786137527258,-17.060942322663866,-0.7754355027465331,-26.47471142257484,0.8487573485612969,M1.3,1.3434976608550642e-05,2402081900,0.7409956138612619,20240208190200.0,2024-02-08,19:02:00,M1.3,2024-02-08 19:00:11,2024-02-08 19:01:53,2024-02-08 19:02:53,-342.4,-163.7,eovsa.spec.flare_id_20240208190200.fits,4.2406833088493244e-15,-1.179772757863911,1.013190054860323
2024-02-09T17:53:56.119,2024-02-09T18:44:28.125,2024-02-09 17:58:16.120,69631,9727,2175,1215,607,False,215.0,41.0,49.0,671.0,335.0,206.21030623428672,392.1681700181136,-280.67161740359813,-95.044854355976,-145.0035316207749,True,-5.78279466301467,-15.041719951173588,58.2230138066795,-15.041719951173588,-0.8974477247726247,-26.574791894112536,0.8427251013866385,M1.2,1.24967473311699e-05,2402091758,0.7505506866214622,20240209175600.0,2024-02-09,17:56:00,M1.2,2024-02-09 17:55:27,2024-02-09 17:56:00,2024-02-09 18:02:03,-122.2,-141.9,eovsa.spec.flare_id_20240209175600.fits,4.244701840983375e-15,-1.177607731241522,1.0131938155054854
2024-02-10T22:37:44.307,2024-02-10T22:52:44.309,2024-02-10 22:46:52.308,6911,1599,991,863,399,False,271.0,41.0,53.0,671.0,335.0,227.1643069800172,608.5393790966862,-330.55428399442184,111.6894152903064,-185.76759447540056,True,6.888753768857275,-17.5224904516074,55.08854460972415,-17.522490451607396,-1.052808904367594,-26.68197079486208,0.8349015355309748,C3.2,3.242669663450215e-06,2402102246,0.7512030700935122,20240210224700.0,2024-02-10,22:47:00,C3.2,2024-02-10 22:46:24,2024-02-10 22:46:50,2024-02-10 22:49:09,75.6,-155.7,eovsa.spec.flare_id_20240210224700.fits,4.249763572303137e-15,-1.174880670041785,1.0131985524031302
2024-02-10T22:55:32.309,2024-02-10T23:37:32.314,2024-02-10 23:04:40.310,884735,102399,15871,3967,735,False,271.0,41.0,53.0,671.0,335.0,227.1643069800172,731.955487355969,-252.96943266190087,230.2849117278996,-119.93355357119016,True,14.03435649397052,-13.465292115135805,62.07138592195156,-13.465292115135805,-1.0544219638504888,-26.682963372753875,0.8348195023287335,M9.0,9.040977602126075e-05,2402102304,0.739016513554111,20240210230400.0,2024-02-10,23:04:00,M9.0,2024-02-10 23:01:28,2024-02-10 23:04:23,2024-02-10 23:16:07,200.6,-93.0,eovsa.spec.flare_id_20240210230400.fits,4.249814896357846e-15,-1.1748530186653352,1.0131986004334934
2024-02-21T17:09:00.196,2024-02-21T17:16:52.197,2024-02-21 17:12:24.196,1983,463,215,735,367,False,303.0,43.0,49.0,671.0,335.0,325.2022881491412,-302.83845007536,418.445816662042,-608.5042388129514,361.6639999784895,True,-40.71456588901805,16.536001114293835,225.68790523328772,16.536001114293835,-2.57578725631611,-26.46315525285513,0.7517622250587965,C2.3,2.3385750864690635e-06,2402211712,0.7906150317328723,20240221171400.0,2024-02-21,17:14:00,C2.3,2024-02-21 17:10:14,2024-02-21 17:13:53,2024-02-21 17:17:27,-620.6,375.9,eovsa.spec.flare_id_20240221171400.fits,4.295113126850409e-15,-1.1504481186441273,1.013240991676288
2024-02-21T18:13:08.203,2024-02-21T18:43:00.206,2024-02-21 18:21:32.204,7423,495,135,735,367,False,303.0,43.0,49.0,671.0,335.0,301.5653982416505,-310.3543187109753,413.0622578503603,-613.3444280070253,357.025012726869,True,-41.04004029703543,16.267469375998534,224.73011966973036,16.267469375998537,-2.583173360258888,-26.45623102307235,0.7513378623429369,C3.4,3.405074494367e-06,2402211821,0.7578326501621457,20240221181700.0,2024-02-21,18:17:00,C3.4,2024-02-21 18:16:17,2024-02-21 18:17:17,2024-02-21 18:20:01,-612.8,404.9,eovsa.spec.flare_id_20240221181700.fits,4.295298536825747e-15,-1.150348227062009,1.0132411651876854
2024-02-21T20:31:16.218,2024-02-21T20:40:04.219,2024-02-21 20:35:32.218,5887,1087,1215,1471,495,False,303.0,43.0,49.0,671.0,335.0,283.899698849525,-250.7478244444356,418.70345106307406,-576.8884208819363,363.88557539220136,True,-38.17890629121723,16.466916887671893,226.3656531892253,16.466916887671893,-2.5975065783430047,-26.442626424087848,0.7505139374657033,C4.1,4.077951871295227e-06,2402212035,0.7608872606351841,20240221203300.0,2024-02-21,20:33:00,C4.1,2024-02-21 20:33:26,2024-02-21 20:33:42,2024-02-21 20:34:25,-597.1,378.5,eovsa.spec.flare_id_20240221203300.fits,4.295697480213848e-15,-1.15013329209888,1.0132415385291127
2024-02-21T22:23:40.230,2024-02-21T22:46:08.233,2024-02-21 22:39:44.232,11775,1343,367,735,367,False,303.0,43.0,49.0,671.0,335.0,283.899698849525,-251.03793354798108,419.1127842152045,-576.7642806686927,363.7054316449261,True,-38.166771181375054,16.452937549526872,225.24181826084495,16.452937549526872,-2.6108114529798248,-26.429799649081477,0.7497486315787479,C4.4,4.390044978208607e-06,2402212239,0.7568514851840445,20240221224100.0,2024-02-21,22:41:00,C4.4,2024-02-21 22:38:12,2024-02-21 22:41:18,2024-02-21 22:41:37,-591.3,391.8,eovsa.spec.flare_id_20240221224100.fits,4.296070639722599e-15,-1.149932248473025,1.0132418877413263
2024-02-21T22:52:32.233,2024-02-21T23:53:20.240,2024-02-21 23:03:44.234,2543546,278527,51199,3199,399,True,303.0,43.0,49.0,671.0,335.0,283.899698849525,-268.8212393615395,434.73834929544057,-585.7615543294232,374.1768675879399,True,-39.05698293151323,17.19357382184346,224.1320951819036,17.19357382184346,-2.6133846539993586,-26.42729686960314,0.7496005646959257,X1.9,0.0001895294553833,2402212303,0.7973004026871108,20240221230400.0,2024-02-21,23:04:00,X1.9,2024-02-21 23:01:26,2024-02-21 23:05:17,2024-02-21 23:14:57,-603.6,367.2,eovsa.spec.flare_id_20240221230400.fits,4.296140777723268e-15,-1.149894460884517,1.0132419533782613
2024-02-22T17:46:52.358,2024-02-22T18:06:56.360,2024-02-22 17:53:00.359,31743,3455,463,735,367,False,303.0,41.0,49.0,671.0,335.0,254.9545923726976,-51.42946778447367,442.9089957610884,-446.1997584654018,386.1419103028517,True,-28.675018222852486,17.19594457639746,224.18532079907015,17.19594457639746,-2.7352780179072407,-26.300523734597903,0.7425669311498424,C4.5,4.545391675492283e-06,2402221753,0.7448377974711821,20240222175300.0,2024-02-22,17:53:00,C4.3,2024-02-22 17:51:00,2024-02-22 17:53:00,2024-02-22 17:55:00,-462.3,396.1,eovsa.spec.flare_id_20240222176300.fits,4.29943872597833e-15,-1.1481176564362032,1.0132450396825978
2024-02-22T20:27:16.276,2024-02-22T21:20:48.282,2024-02-22 20:42:12.277,884735,139263,31743,2431,399,False,303.0,41.0,49.0,671.0,335.0,289.62115114608423,-33.621103930752724,427.8414205807334,-435.7701651463285,375.2335300226701,True,-27.82356695274092,16.441596518393812,223.48919466969951,16.441596518393816,-2.753680403356487,-26.279981201536827,0.7415018121640472,M4.8,4.849736433243379e-05,2402222042,0.7445939434057753,20240222204000.0,2024-02-22,20:40:00,M4.8,2024-02-22 20:38:00,2024-02-22 20:40:00,2024-02-22 20:42:00,-437.9,408.0,eovsa.spec.flare_id_20240222204000.fits,4.299927108720977e-15,-1.1478545350763447,1.0132454967236608
2024-02-22T22:09:36.287,2024-02-22T23:31:40.296,2024-02-22 22:30:28.289,15286084,278527,376831,38911,863,True,303.0,41.0,49.0,671.0,335.0,289.62115114608423,15.693567089722505,448.4268546163576,-400.6023451841902,391.8421159266451,True,-25.543256867855177,17.372781652751357,224.77923781485973,17.372781652751357,-2.765474921938912,-26.26662060294757,0.7408187198884196,,0.0,2402222230,0.7598255703643436,20240222223200.0,2024-02-22,22:32:00,X6.4,2024-02-22 22:20:35,2024-02-22 22:28:48,2024-02-22 22:35:50,-412.1,376.3,eovsa.spec.flare_id_20240222223200.fits,4.300245288615603e-15,-1.1476831122981772,1.0132457944845452
2024-02-23T17:27:48.313,2024-02-23T18:26:20.320,2024-02-23 17:41:00.315,376831,55295,6911,799,367,False,303.0,41.0,49.0,671.0,335.0,348.3486883260914,235.03094345146988,430.954929943236,-247.97174873016772,382.34601880733175,True,-15.387140672807334,16.28257377120923,224.41182352547327,16.28257377120923,-2.8917474407628627,-26.114023300080877,0.7334850499913275,M2.7,2.6513611373957247e-05,2402231741,0.7430434675937482,20240223174000.0,2024-02-23,17:40:00,M2.7,2024-02-23 17:32:18,2024-02-23 17:40:30,2024-02-23 17:52:12,-239.0,393.8,eovsa.spec.flare_id_20240223174000.fits,4.303613374871334e-15,-1.1458685202613554,1.0132489464258168
2024-02-23T20:52:44.336,2024-02-23T21:35:00.340,2024-02-23 21:11:48.338,43007,5375,735,735,367,False,303.0,41.0,49.0,671.0,335.0,229.72825998651032,289.3843385183067,431.4920226823592,-208.01993455714543,383.5379792006854,True,-12.860487120804294,16.275254102066768,225.01033371631317,16.275254102066768,-2.915069910046595,-26.083917001974385,0.732126575140862,C6.1,6.053217930457322e-06,2402232111,0.7557792229770669,20240223211200.0,2024-02-23,21:12:00,C6.1,2024-02-23 21:10:00,2024-02-23 21:12:00,2024-02-23 21:14:00,-209.2,412.6,eovsa.spec.flare_id_20240223211200.fits,4.3042318955304314e-15,-1.1455352857247703,1.0132495252532707
2024-02-23T23:05:12.350,2024-02-23T23:30:36.353,2024-02-23 23:10:40.351,34815,6399,1727,927,367,False,303.0,41.0,49.0,671.0,335.0,229.72825998651032,415.365684098978,462.8685627458685,-109.03446050453933,409.0720443095885,True,-6.75407365530333,17.78380167508821,230.02949518163285,17.78380167508821,-2.9282468265380324,-26.06664114452019,0.7313585282913379,C5.0,4.975960564479465e-06,2402232310,0.7426864861824594,20240223231200.0,2024-02-23,23:12:00,C5.0,2024-02-23 23:07:39,2024-02-23 23:12:03,2024-02-23 23:17:20,-148.1,409.4,eovsa.spec.flare_id_20240223231200.fits,4.3045829754601154e-15,-1.1453461377052951,1.0132498538028494
2024-02-24T17:12:00.269,2024-02-24T17:34:20.271,2024-02-24 17:16:44.270,31743,3967,735,735,367,False,303.0,41.0,49.0,671.0,335.0,347.8038503180994,507.19203863584266,463.1664506223673,-38.11265872954391,406.5634167036917,True,-2.3534546448261158,17.561306152014822,224.49596992935545,17.561306152014826,-3.049509733056986,-25.89859214478344,0.7242732755989864,C5.8,5.812553808937082e-06,2402241716,0.7450336084306124,20240224171600.0,2024-02-24,17:16:00,C5.8,2024-02-24 17:14:37,2024-02-24 17:16:06,2024-02-24 17:25:22,-53.6,411.8,eovsa.spec.flare_id_20240224171600.fits,4.30775322283835e-15,-1.1436381334528773,1.0132528206014388
2024-02-25T16:42:12.323,2024-02-25T17:59:40.332,2024-02-25 17:11:12.326,253951,38911,4863,863,367,False,247.0,37.0,49.0,671.0,335.0,237.0571491354125,789.1030463006093,462.2385496353649,196.18819971405085,403.6344253297299,True,12.204783430185104,17.52102931871023,225.93293033863043,17.521029318710227,-3.2121089309313957,-25.647353808233618,0.7147273673943231,M2.1,2.09850422834279e-05,2402251711,0.7510331382402865,20240225170600.0,2024-02-25,17:06:00,M2.1,2024-02-25 17:03:14,2024-02-25 17:06:38,2024-02-25 17:18:58,148.0,405.4,eovsa.spec.flare_id_20240225170600.fits,4.311936742555642e-15,-1.1413842180277696,1.0132567356462021
2024-02-26T20:08:08.403,2024-02-26T20:58:00.408,2024-02-26 20:42:56.408,4863,735,167,735,367,False,215.0,37.0,49.0,671.0,335.0,210.80815442411435,1096.680379434958,419.30930467980846,483.9383439975328,365.6552294722856,True,31.17775138071741,15.989182986665597,229.79678252877827,15.989182986665597,-3.4028522323814943,-25.314198321199115,0.7034697267534796,C1.8,1.822782678573276e-06,2402262042,0.762723419266662,20240226204400.0,2024-02-26,20:44:00,C1.8,2024-02-26 20:42:14,2024-02-26 20:44:07,2024-02-26 20:48:22,410.2,403.4,eovsa.spec.flare_id_20240226204400.fits,4.316783965646806e-15,-1.1387727254013682,1.0132612718015597
2024-02-26T21:49:48.414,2024-02-26T21:59:44.415,2024-02-26 21:53:08.414,2431,367,135,735,367,False,215.0,37.0,49.0,671.0,335.0,210.80815442411435,1103.4674244309856,411.835373965946,489.6419925153119,360.12692805130155,True,31.53064382478197,15.66068511082427,229.5075138895386,15.66068511082427,-3.4110437674038963,-25.298949631098992,0.7029849435299367,C1.4,1.3677084780283622e-06,2402262153,0.7455989277336258,20240226215300.0,2024-02-26,21:53:00,C1.4,2024-02-26 21:52:51,2024-02-26 21:53:09,2024-02-26 21:53:58,427.7,408.6,eovsa.spec.flare_id_20240226215300.fits,4.316985850010091e-15,-1.138663958068776,1.0132614607301107
2024-03-07T16:45:02.351,2024-03-07T18:00:22.360,2024-03-07 16:47:26.351,19455,1983,271,735,367,False,231.0,37.0,49.0,671.0,335.0,207.9501974797307,447.2628628852551,-201.1098596827741,-58.661039480008185,-82.47587311663818,True,-3.5425804624109105,-12.108639285106294,65.48624486807238,-12.108639285106294,-5.201211971345118,-19.90540413129446,0.5951820449634279,C2.3,2.3020261323836166e-06,2403071647,0.754254572249803,20240307165000.0,2024-03-07,16:50:00,C2.3,2024-03-07 16:49:28,2024-03-07 16:49:59,2024-03-07 16:52:43,-73.7,-99.7,eovsa.spec.flare_id_20240307165000.fits,4.358211299866355e-15,-1.1164533116234003,1.0133000405606065
2024-03-07T22:05:02.386,2024-03-07T23:07:10.393,2024-03-07 22:07:34.386,7423,991,399,799,367,False,231.0,37.0,49.0,671.0,335.0,201.02897628138803,567.422499030161,-189.2244006505969,18.05853541533093,-73.20243026934645,True,1.0878830265901394,-11.571320886934416,67.18733038195644,-11.571320886934418,-5.245124001279866,-19.71443235138821,0.5924949916950676,C3.5,3.518177209116402e-06,2403072207,0.7554668534434542,20240307221000.0,2024-03-07,22:10:00,C3.5,2024-03-07 22:09:57,2024-03-07 22:10:26,2024-03-07 22:11:29,-6.6,-79.2,eovsa.spec.flare_id_20240307221000.fits,4.3591484390872226e-15,-1.1159484179720915,1.013300917559461
2024-03-08T21:15:22.240,2024-03-08T22:06:54.245,2024-03-08 21:22:34.241,376831,47103,9727,1855,399,False,215.0,37.0,49.0,671.0,335.0,203.173568379454,966.3713885041128,-316.1321963131866,292.7606077920757,-142.3237692257537,True,18.228753639515368,-15.324176472411692,71.56301115672046,-15.324176472411692,-5.437868414819825,-18.83613437974236,0.5806680383469685,M1.3,1.317664464295376e-05,2403082122,0.7734161581261667,20240308212400.0,2024-03-08,21:24:00,M1.3,2024-03-08 21:23:43,2024-03-08 21:24:43,2024-03-08 21:28:57,222.1,-137.2,eovsa.spec.flare_id_20240308212400.fits,4.363225947580413e-15,-1.113751617213433,1.0133047333962089
2024-03-08T22:58:58.251,2024-03-08T23:12:18.253,2024-03-08 23:03:06.252,1215,167,83,735,367,False,215.0,37.0,49.0,671.0,335.0,203.173568379454,889.0440813005655,-172.0811583487713,232.63782324971527,-59.11114007496014,True,14.111288399126945,-10.520596188658216,66.52557576094665,-10.520596188658216,-5.451841967401341,-18.769840381485608,0.5798083668123373,C1.1,1.0501486258363002e-06,2403082303,0.7859771205129291,20240308230500.0,2024-03-08,23:05:00,C1.1,2024-03-08 23:04:28,2024-03-08 23:06:18,2024-03-08 23:27:29,223.5,-93.2,eovsa.spec.flare_id_20240308230500.fits,4.363523022711778e-15,-1.1135915648493362,1.013305011406716
2024-03-11T22:01:00.120,2024-03-11T22:30:32.023,2024-03-11 22:15:40.122,2175,367,99,735,367,False,215.0,37.0,49.0,671.0,335.0,202.7955104375294,1617.785939723293,-361.9204053743463,764.4220975472688,-162.25634776854528,True,54.44365857937547,-13.911140554854988,67.75762553935999,-13.911140554854988,-6.053461987435373,-15.536439351230854,0.5424016896049917,B9.0,9.04184162209276e-07,2403112215,0.7997214016079631,20240311221800.0,2024-03-11,22:18:00,B9.0,2024-03-11 22:18:59,2024-03-11 22:19:51,2024-03-11 22:22:01,774.0,-158.2,eovsa.spec.flare_id_20240311221800.fits,4.376020795585101e-15,-1.1068582577390003,1.0133167071422555
2024-03-16T19:05:32.395,2024-03-16T19:24:04.397,2024-03-16 19:10:00.395,86015,6399,735,735,367,False,247.0,37.0,49.0,671.0,335.0,451.4685447373377,-1983.5986727727577,-430.09102145433513,-939.9410381438212,-222.85424429570708,True,-99.24012013925784,-12.175597020317024,209.8695948054176,-12.175597020317024,-7.033666184993123,-8.005331712891234,0.4778603558045095,C8.2,8.21621415525442e-06,2403161910,0.7881248635187466,20240316191200.0,2024-03-16,19:12:00,C8.2,2024-03-16 19:11:35,2024-03-16 19:12:33,2024-03-16 19:14:26,-983.0,-226.5,eovsa.spec.flare_id_20240316191200.fits,4.396529068994524e-15,-1.0958092088750107,1.0133358993091006
2024-03-20T22:43:16.857,2024-03-20T23:45:36.864,2024-03-20 22:50:36.858,688127,69631,10751,2175,431,False,271.0,37.0,49.0,671.0,335.0,227.82518480988367,-1506.3379689983558,-420.0349095990892,-615.8699156625662,-183.68212230315973,True,-41.59251700323711,-16.24981098185854,212.7611955583716,-16.24981098185854,-7.731770388774373,1.537091088069999,0.4213498810936811,M2.0,1.998920197365805e-05,2403202250,0.7669451011803224,20240320225500.0,2024-03-20,22:55:00,M2.0,2024-03-20 22:53:00,2024-03-20 22:55:00,2024-03-20 22:57:00,-590.6,-126.1,eovsa.spec.flare_id_20240320225500.fits,4.414024430304462e-15,-1.0863833982205735,1.0133522719157344
2024-03-23T23:22:41.140,2024-03-24T00:10:33.146,2024-03-23 23:42:09.142,950271,155647,27647,2687,1983,False,271.0,37.0,49.0,671.0,335.0,544.2653668730118,-369.9780755068641,-211.5111700498344,41.86109147423881,-97.11530627037789,True,2.543909880717776,-12.664346063206343,216.86547421548025,-12.664346063206343,-7.989352965516346,11.103011898571406,0.3810614237168127,M2.5,2.4665676392032765e-05,2403232342,0.8106582912395042,20240323234600.0,2024-03-23,23:46:00,M2.4,2024-03-23 23:44:43,2024-03-23 23:45:57,2024-03-23 23:47:30,4.6,-91.6,eovsa.spec.flare_id_20240323234600.fits,4.426807044370208e-15,-1.0794966299099347,1.013364234212948
2024-03-24T00:49:01.150,2024-03-24T01:32:45.155,2024-03-24 00:54:21.150,376831,59391,9727,2175,1727,False,271.0,37.0,49.0,671.0,335.0,544.2653668730118,-630.4524612345267,-353.40303912613285,-58.25236876308918,-147.9285349035607,True,-3.588929445396502,-15.693020525812344,210.0714092945325,-15.693020525812342,-7.990534641163564,11.283364187276744,0.3804164522617365,M1.5,1.4573576663678978e-05,2403240054,0.8448961239760555,20240324005600.0,2024-03-24,00:56:00,C9.5,2024-03-24 00:54:20,2024-03-24 00:56:23,2024-03-24 00:58:37,-12.1,-149.1,eovsa.spec.flare_id_20240324005600.fits,4.427013022960085e-15,-1.0793856567695315,1.0133644269729813
2024-03-25T15:53:01.412,2024-03-25T16:08:49.414,2024-03-25 15:58:57.413,17407,1599,215,735,431,False,271.0,37.0,49.0,671.0,335.0,293.5800218534455,310.6147854600991,-153.19218329738237,390.2239997194743,-82.69979343467142,True,24.31881380818509,-11.153906683306198,216.50575199009467,-11.153906683306198,-7.953584621878078,17.58179376943866,0.3600480507480288,C4.3,4.3466693568916526e-06,2403251558,0.8180210505520703,20240325160300.0,2024-03-25,16:03:00,C4.3,2024-03-25 15:58:42,2024-03-25 16:03:29,2024-03-25 16:07:35,367.3,-81.4,eovsa.spec.flare_id_20240325160300.fits,4.4338769938299835e-15,-1.0756876199807466,1.0133708504524972
2024-03-25T17:19:49.422,2024-03-25T17:44:09.424,2024-03-25 17:36:09.423,17407,2431,431,735,399,False,271.0,37.0,49.0,671.0,335.0,293.5800218534455,352.6658794803557,-152.6590531347159,407.9385273905703,-83.06103705585502,True,25.497760303594124,-11.114876920187148,216.79443653107583,-11.114876920187148,-7.948516207614911,17.86207119989242,0.3592317473233674,C2.6,2.5816032120928867e-06,2403251736,0.7927941262866037,20240325174000.0,2024-03-25,17:40:00,C2.5,2024-03-25 17:35:46,2024-03-25 17:40:48,2024-03-25 17:42:09,386.2,-83.1,eovsa.spec.flare_id_20240325174000.fits,4.434161591318416e-15,-1.0755342900785414,1.0133711167861068
2024-03-25T20:03:29.440,2024-03-25T20:37:21.444,2024-03-25 20:07:13.440,69631,6911,1087,799,399,False,271.0,37.0,49.0,671.0,335.0,293.5800218534455,617.3989789793487,-231.13879189199625,496.24336744335335,-114.06791684982696,True,31.7819671738814,-12.612296523401042,221.69500621395855,-12.612296523401042,-7.940014887540311,18.300801891808288,0.3579681931628228,C3.6,3.560512141120853e-06,2403252007,0.7696997992263531,20240325201100.0,2024-03-25,20:11:00,C3.6,2024-03-25 20:10:33,2024-03-25 20:11:45,2024-03-25 20:13:56,489.4,-114.6,eovsa.spec.flare_id_20240325201100.fits,4.434603036677741e-15,-1.0752964567296006,1.0133715299019659
2024-03-25T20:41:45.444,2024-03-25T20:49:37.445,2024-03-25 20:43:17.444,15871,2943,1471,1087,463,False,271.0,37.0,49.0,671.0,335.0,293.5800218534455,617.7711366107344,-217.34503219905483,498.0128690984714,-109.1962325897253,True,31.868016022374057,-12.314497060195762,221.4507151503915,-12.314497060195762,-7.937871579934221,18.406112064761107,0.3576674617119089,C2.0,2.0350553313619457e-06,2403252043,0.7802155702314609,20240325204800.0,2024-03-25,20:48:00,C1.8,2024-03-25 20:47:38,2024-03-25 20:47:57,2024-03-25 20:48:45,494.9,-108.8,eovsa.spec.flare_id_20240325204800.fits,4.4347089016794305e-15,-1.0752394208420197,1.0133716289731425
2024-03-25T22:00:57.453,2024-03-25T22:12:09.454,2024-03-25 22:07:17.454,9727,1343,735,991,399,False,271.0,37.0,49.0,671.0,335.0,293.5800218534455,647.0414717987934,-230.6621089803128,509.7796979276116,-114.2737172102513,True,32.75058073190255,-12.561501770476356,221.56390970942115,-12.561501770476356,-7.932708031868106,18.652227917415303,0.3569684742454569,C2.2,2.153946525140782e-06,2403252207,0.8331539990746882,20240325221100.0,2024-03-25,22:11:00,C2.2,2024-03-25 22:11:09,2024-03-25 22:11:41,2024-03-25 22:12:43,509.5,-114.4,eovsa.spec.flare_id_20240325221100.fits,4.434953775421858e-15,-1.0751074925274526,1.0133718581322544
2024-03-25T22:18:49.455,2024-03-25T22:32:25.456,2024-03-25 22:25:13.456,155647,19455,12799,11775,4351,False,271.0,37.0,49.0,671.0,335.0,293.5800218534455,661.1843781994296,-230.4137662497904,514.7821759170574,-114.3519096937564,True,33.110990015303265,-12.54292629184021,221.76006428922216,-12.54292629184021,-7.931574350257101,18.704925305434475,0.3568195057021576,C4.7,4.710187113232678e-06,2403252225,0.7749013125224555,20240325222900.0,2024-03-25,22:29:00,C4.5,2024-03-25 22:28:59,2024-03-25 22:29:31,2024-03-25 22:36:03,515.2,-115.9,eovsa.spec.flare_id_20240325222900.fits,4.435005928070021e-15,-1.0750793947375294,1.0133719069380365
2024-03-27T20:03:05.461,2024-03-27T20:04:25.461,2024-03-27 20:03:45.461,3455,367,123,735,367,False,271.0,37.0,49.0,671.0,335.0,773.6446581291278,907.7241197870748,-366.66223005044543,674.6596913175283,-163.72382643796126,True,46.27374767317558,-14.483151459996146,209.8389061491517,-14.483151459996144,-7.613769982761176,27.40194685387112,0.3353170836603072,C2.5,2.537521368140005e-06,2403272003,0.8564480719860376,20240327200200.0,2024-03-27,20:02:00,C4.4,2024-03-27 20:02:03,2024-03-27 20:03:19,2024-03-27 20:05:19,689.5,-147.1,eovsa.spec.flare_id_20240327200200.fits,4.443000782811661e-15,-1.0707720823208593,1.013379388727607
2024-03-27T20:15:37.462,2024-03-27T20:41:25.465,2024-03-27 20:19:49.462,344063,47103,9727,1343,367,False,271.0,37.0,49.0,671.0,335.0,773.6446581291278,878.6648247162424,-367.9197635558282,668.036013996353,-163.69421898580802,True,45.69908555703707,-14.52854302492054,209.11707229103916,-14.528543024920545,-7.610968331948012,27.45684507485632,0.3351992827505142,C8.2,8.194085239665583e-06,2403272019,0.7996599116872893,20240327202200.0,2024-03-27,20:22:00,C8.2,2024-03-27 20:20:00,2024-03-27 20:22:00,2024-03-27 20:24:00,670.9,-152.8,eovsa.spec.flare_id_20240327202200.fits,4.4430554212402496e-15,-1.0707426452904825,1.013379439859646
2024-03-29T17:07:09.362,2024-03-29T17:32:01.364,2024-03-29 17:18:57.363,172031,19455,2175,735,367,False,271.0,37.0,49.0,671.0,335.0,484.1844928401237,2249.606245661528,-336.8309777547173,941.057395807619,-173.91196973051618,True,85.93598199682732,-10.970956082290868,224.62863846020775,-10.970956082290868,-6.957702305806343,37.32142625170215,0.3171615066815144,C7.3,7.291238944162615e-06,2403291718,0.9158813641169212,20240329172100.0,2024-03-29,17:21:00,C7.2,2024-03-29 17:17:30,2024-03-29 17:22:02,2024-03-29 17:29:33,899.7,-175.3,eovsa.spec.flare_id_20240329172100.fits,4.4509515271359095e-15,-1.066488534857359,1.0133868292375205
2024-05-07T16:06:45.686,2024-05-07T16:51:57.691,2024-05-07 16:29:25.689,17407,2175,431,735,367,False,303.0,41.0,49.0,671.0,303.0,267.91619993204125,-1253.2146981952246,710.2163214122842,790.7260614244564,480.0515876749756,True,72.22571554357955,29.282290289991067,56.35942235060603,29.282290289991067,7.658551700488142,166.3181843199213,0.6662766478533373,M8.3,8.292969869216904e-05,2405071629,0.8596077515900218,20240507162900.0,2024-05-07,16:29:00,M8.2,2024-05-07 16:28:05,2024-05-07 16:28:57,2024-05-07 16:37:28,708.8,449.8,eovsa.spec.flare_id_20240507162900.fits,4.61503326272412e-15,-0.9780877671277217,1.0135403811227885
2024-05-12T16:16:10.269,2024-05-12T16:30:54.270,2024-05-12 16:21:02.269,1245183,253951,47103,8703,1343,False,303.0,41.0,49.0,671.0,303.0,1944.6,-1269.0659583962988,-457.9356959457329,892.0669062055391,-314.86743696848833,True,81.28206281526849,-19.647635654199387,359.38527005441307,-19.647635654199387,7.326973377537575,168.45006743563556,0.7171180320469343,X1.0,0.0001024982047965,2405121621,0.7662863195167522,20240512161900.0,2024-05-12,16:19:00,X1.0,2024-05-12 16:15:01,2024-05-12 16:19:29,2024-05-12 16:33:30,838.4,-351.5,eovsa.spec.flare_id_20240512161900.fits,4.6360616003914544e-15,-0.9667585281529729,1.0135600599790688
2024-05-13T18:25:32.040,2024-05-13T19:15:28.045,2024-05-13 18:40:48.042,55295,9727,1983,799,367,False,303.0,41.0,49.0,671.0,303.0,670.0945674915205,-1266.6811850718225,-422.8408666673527,903.2453177567412,-294.82807722538735,True,81.39764963641065,-18.282593314701288,344.99376294242944,-18.28259331470129,7.247158718617086,168.7926707993076,0.7275611171972938,M1.1,1.0952312550216448e-05,2405131840,0.7675150620390457,20240513184000.0,2024-05-13,18:40:00,M1.1,2024-05-13 18:39:30,2024-05-13 18:40:42,2024-05-13 18:47:11,908.5,-288.5,eovsa.spec.flare_id_20240513184000.fits,4.64068578561533e-15,-0.964267199532824,1.0135643874098852
2024-05-13T21:36:24.061,2024-05-13T22:19:00.065,2024-05-13 21:54:40.063,278527,43007,7935,1983,463,False,303.0,41.0,49.0,671.0,303.0,670.0945674915205,-1253.2812277376652,-431.49889117523065,895.5167654333378,-301.72517268037785,True,81.50834012801724,-18.81678863160993,343.32409899845146,-18.81678863160993,7.237231161778858,168.8319950493436,0.7288248346598978,M1.6,1.598844573891256e-05,2405132154,0.758981763313645,20240513215500.0,2024-05-13,21:55:00,M1.5,2024-05-13 21:53:20,2024-05-13 21:54:51,2024-05-13 22:07:07,918.1,-281.3,eovsa.spec.flare_id_20240513215500.fits,4.641253567109244e-15,-0.9639613012572799,1.0135649187543305
2024-05-29T14:19:56.627,2024-05-29T14:33:24.628,2024-05-29 14:23:28.627,10751,1087,183,735,367,False,367.0,41.0,49.0,671.0,303.0,234.2520268154113,1100.96092510601,-404.2554206224108,-903.5252508248668,-339.71229974035793,True,-101.92579379078762,-20.03040918914451,312.37526402397225,-20.030409189144518,5.969037890434355,170.43324625887826,0.850258423166042,X1.4,0.0001426553062628,2405291423,0.7306656768786883,20240529142300.0,2024-05-29,14:23:00,X1.4,2024-05-29 14:20:28,2024-05-29 14:23:33,2024-05-29 14:28:21,-815.3,-322.9,eovsa.spec.flare_id_20240529142300.fits,4.707313035725234e-15,-0.9283710649611385,1.01362673889482
