Date Time (UT),Flare_ID,Date,Time (UT),GOES Class,STIX Coverage,HEK_flare_class,HEK_flare_tstart,HEK_flare_tpeak,HEK_flare_tend,HEK_flare_hgc_x,HEK_flare_hgc_y,HEK_flare_hpc_x,HEK_flare_hpc_y,start_UTC,end_UTC,peak_UTC,4-10 keV,10-15 keV,15-25 keV,25-50 keV,50-84 keV,att_in,bkg 4-10 keV,bkg 10-15 keV,bkg 15-25 keV,bkg 25-50 keV,bkg 50-84 keV,bkg_baseline_4-10 keV,hpc_x_solo,hpc_y_solo,hpc_x_earth,hpc_y_earth,visible_from_earth,hgs_lon,hgs_lat,hgc_lon,hgc_lat,solo_position_lat,solo_position_lon,solo_position_AU_distance,light_travel_time,file_request_id_used,GOES_class_time_of_flare,GOES_flux_time_of_flare,flare_id,earth_position_lon,earth_position_lat,earth_position_AU_distance
2021-04-17 16:46:00,20210417171700,2021-04-17,16:46,B9.0,Yes,B9.7,2021-04-17 16:21:00.000,2021-04-17 17:17:00.000,2021-04-17 18:25:00.000,-133.55919,-21.0,-891.46482,-337.966272,,,,,,,,,,,,,,,,,,,,,,,,,0.39441124744500594,-98.4290288738643,0.8433600555956609,,,,,,0.0,-5.393487530406729,1.0039817940399967
2021-05-05 22:30:00,20210505222934,2021-05-05,22:30,B5.0,Yes,,2021-05-05 22:27:46.000,2021-05-05 22:29:34.000,2021-05-05 22:31:22.000,-15.458804,15.591669,-960.0,268.8,2021-05-05T22:25:27.127,2021-05-05T22:38:03.129,2021-05-05 22:29:11.128,7935.0,607.0,247.0,927.0,495.0,False,247.0,49.0,67.0,863.0,463.0,245.40000000000003,58.953094,327.669861,,,False,-94.04003630338644,17.74884186625538,339.1323470689329,17.74884186625538,-0.3203796725749731,-97.3989740417573,0.912371839419592,48.158973,2105050010.0,B1.3,1.278810231042371e-07,2105052229.0,0.0,-5.130739158154649,1.0040390085746038
2021-05-07 19:00:00,20210507190400,2021-05-07,19:00,M4.0,Yes,M3.9,2021-05-07 18:43:00.000,2021-05-07 19:04:00.000,2021-05-07 19:19:00.000,-29.134596,17.0,-889.5756,288.975276,2021-05-07T18:45:55.192,2021-05-07T20:03:23.200,2021-05-07 19:00:15.193,311295.0,34815.0,3199.0,1471.0,543.0,False,247.0,49.0,67.0,863.0,463.0,249.20793665320977,425.995361,330.041718,-861.7744624046609,309.8772026346488,True,-72.18023844402728,17.974603846626046,336.4702793594355,17.974603846626046,-0.3813168408763782,-97.42660601355698,0.9175063775763868,45.828297,2105070020.0,M3.9,3.9084439777070656e-05,2105071900.0,0.0,-5.1040281410242745,1.004044825008026
2021-05-08 18:30:00,20210508184500,2021-05-08,18:30,C9.0,Yes,C8.6,2021-05-08 18:22:00.000,2021-05-08 18:45:00.000,2021-05-08 18:58:00.000,-26.163091,17.0,-803.73516,302.880852,2021-05-08T18:29:47.233,2021-05-08T18:34:23.234,2021-05-08 18:31:11.233,25599.0,3199.0,863.0,927.0,495.0,False,247.0,49.0,67.0,863.0,463.0,243.4774515336236,627.097473,309.225342,-778.5694896236528,303.5731109540537,True,-58.67970640323398,16.86504176661706,337.01678913834326,16.86504176661706,-0.4130974445971724,-97.44807544954584,0.920076798220401,44.652753,2105080002.0,C3.6,3.600250465751742e-06,2105081831.0,0.0,-5.089922322989046,1.0040478966076984
2021-05-09 13:55:00,20210509135510,2021-05-09,13:55,C4.0,Yes,,2021-05-09 13:53:10.000,2021-05-09 13:55:10.000,2021-05-09 13:55:34.000,-27.194765,14.40804,-729.6,268.8,2021-05-09T13:46:11.348,2021-05-09T15:22:55.358,2021-05-09 13:55:11.349,13823.0,1343.0,991.0,1343.0,607.0,False,271.0,49.0,67.0,863.0,463.0,247.0,764.997009,305.295288,-672.9098845981061,309.001727720203,True,-47.514358492014594,16.730236343260913,337.4947836399913,16.730236343260916,-0.439105272316969,-97.46913785688632,0.9221234611191288,43.735192,2105090024.0,C4.0,4.038655333715724e-06,2105091355.0,0.0,-5.078267515889132,1.0040504344896974
2021-05-17 19:05:00,20210517190544,2021-05-17,19:05,B5.0,Yes,,2021-05-17 19:04:32.000,2021-05-17 19:05:44.000,2021-05-17 19:09:08.000,-158.903198,15.869147,-883.2,268.8,,,,,,,,,,,,,,,,,,,,,,,,,-0.627283281166066,-97.84270834409811,0.9390023312942951,,,,,,0.0,-4.9599187021614695,1.0040762054287928
2021-05-21 19:25:00,20210521192658,2021-05-21,19:25,C5.0,Yes,,2021-05-21 19:23:46.000,2021-05-21 19:26:58.000,2021-05-21 19:31:22.000,-164.804421,19.651113,-422.4,345.6,2021-05-21T19:20:30.799,2021-05-21T19:36:54.801,2021-05-21 19:27:30.800,25599.0,2175.0,183.0,927.0,543.0,False,247.0,53.0,67.0,863.0,463.0,250.6146032884782,724.123413,282.048004,-706.5519263618626,273.4586456563137,True,-50.50751300079827,15.532781456537084,172.7425060354657,15.532781456537082,-0.8100452761001702,-98.06868089724406,0.9449042502513594,33.649942,2105210002.0,C4.8,4.818649358639959e-06,2105211927.0,0.0,-4.902094852343558,1.0040887968090102
2021-05-22 16:10:00,20210522161800,2021-05-22,16:10,C1.0,Yes,C1.8,2021-05-22 16:03:00.000,2021-05-22 16:18:00.000,2021-05-22 16:25:00.000,-167.0483,18.0,-294.503244,320.389818,2021-05-22T16:04:34.924,2021-05-22T16:41:34.931,2021-05-22 16:16:54.925,4351.0,335.0,107.0,927.0,543.0,False,271.0,49.0,67.0,863.0,463.0,248.6,761.335754,281.605469,-671.0802938977722,273.9767694307998,True,-47.13826712283856,15.549776957565744,164.63319926831832,15.549776957565747,-0.8347931605879285,-98.12545134673384,0.9459352690308026,33.215965,2105220053.0,C1.8,1.8050195649266243e-06,2105221616.0,0.0,-4.88963971514237,1.0040915089661677
2021-05-22 17:10:00,20210522170946,2021-05-22,17:10,M1.0,Yes,,2021-05-22 17:07:58.000,2021-05-22 17:09:46.000,2021-05-22 17:12:58.000,-166.10387,19.611645,-268.8,345.6,2021-05-22T17:04:58.929,2021-05-22T17:44:58.933,2021-05-22 17:10:34.930,86015.0,7935.0,1087.0,927.0,543.0,False,271.0,49.0,67.0,863.0,463.0,248.6,939.766052,335.364197,-301.2089548557997,337.87470996705497,True,-19.58037357064393,19.131457918960614,191.6980341105645,19.131457918960614,-0.8358516340007176,-98.1279173730502,0.9459778162523468,33.198127,2105220060.0,M1.2,1.1896459909621626e-05,2105221710.0,0.0,-4.889039467566336,1.0040916396725368
2021-05-22 21:30:00,20210522213246,2021-05-22,21:30,M1.4,Yes,,2021-05-22 21:30:58.000,2021-05-22 21:32:46.000,2021-05-22 21:37:46.000,-163.433287,19.590066,-192.0,345.6,2021-05-22T21:30:06.956,2021-05-22T22:13:42.960,2021-05-22 21:35:42.958,77823.0,5887.0,927.0,1087.0,543.0,False,271.0,53.0,67.0,863.0,463.0,252.66221568172384,757.712036,310.685852,-661.9424682480749,300.9396312470086,True,-46.84188786651822,17.267826059391282,162.000614139393,17.267826059391282,-0.8410754017000036,-98.14013240180492,0.9461859132110726,33.107213,2105220031.0,M1.5,1.4857590940664522e-05,2105222135.0,0.0,-4.886438394737169,1.0040922060668025
2021-05-22 23:11:00,20210522231300,2021-05-22,23:11,C7.0,Yes,C6.8,2021-05-22 23:05:00.000,2021-05-22 23:13:00.000,2021-05-22 23:17:00.000,-165.92534,18.0,-218.850576,320.58255,2021-05-22T22:57:34.964,2021-05-22T23:25:26.967,2021-05-22 23:11:38.966,29695.0,2431.0,271.0,927.0,543.0,False,271.0,53.0,67.0,863.0,463.0,252.66221568172384,948.382568,332.798706,-257.708605122054,336.3130587548114,True,-16.65131775582796,19.030024216050407,191.30979489707417,19.030024216050407,-0.8429632720754913,-98.14456511761318,0.9462603475027026,33.080777,2105220032.0,C6.9,6.877626674395287e-06,2105222311.0,0.0,-4.885427977984357,1.0040924260891906
2021-05-23 17:00:00,20210523170305,2021-05-23,17:00,C2.0,Yes,,2021-05-23 17:01:29.000,2021-05-23 17:03:05.000,2021-05-23 17:08:41.000,-164.27244,19.647312,-38.4,345.6,2021-05-23T17:00:07.072,2021-05-23T17:13:59.074,2021-05-23 17:04:39.073,2687.0,431.0,215.0,927.0,543.0,False,271.0,53.0,67.0,863.0,463.0,250.1545609778167,936.228149,375.25061,-220.9470961478073,375.45603241884106,True,-14.471724220106466,21.64348993333645,183.63101194077265,21.64348993333645,-0.8639975448356196,-98.19459579196604,0.9470616860428076,32.749247,2105230012.0,C2.3,2.292310227858252e-06,2105231704.0,0.0,-4.874733567005867,1.0040947548409989
2021-08-20 15:55:00,20210820155700,2021-08-20,15:55,C3.0,Yes,C3.0,2021-08-20 15:50:00.000,2021-08-20 15:57:00.000,2021-08-20 16:01:00.000,101.29857,0.0,0.0,-114.145512,2021-08-20T15:42:53.969,2021-08-20T16:58:01.976,2021-08-20 15:53:17.970,29695.0,3711.0,1343.0,1215.0,543.0,False,303.0,49.0,67.0,799.0,463.0,244.94447953696795,-295.041656,518.6651,,,False,-93.66241615994494,19.291138641419767,7.527591578789006,19.291138641419767,-1.3294849229752004,-81.4255694166709,0.6546554029089697,178.189199,2108200014.0,C3.1,3.0900177989678923e-06,2108201553.0,0.0,-3.593255012953576,1.0043738020466988
2021-08-20 21:45:00,20210820215244,2021-08-20,21:45,C1.4,Yes,,2021-08-20 21:40:44.000,2021-08-20 21:52:44.000,2021-08-20 22:11:44.000,10.488849,21.242174,-883.2,345.6,2021-08-20T21:29:10.005,2021-08-20T22:24:18.010,2021-08-20 21:45:30.007,5375.0,495.0,123.0,927.0,495.0,False,271.0,49.0,67.0,799.0,463.0,245.2308864442687,-228.629807,549.127747,-888.057814450236,331.2334103614207,True,-90.67019995577198,20.5191790482522,7.287342278226734,20.519179048252205,-1.3123190924071588,-81.16197610997813,0.6533450179848006,178.832122,2108200170.0,C1.5,1.481672256886668e-06,2108202145.0,0.0,-3.5897535687604636,1.0043745645005182
2021-08-21 18:41:00,20210821184200,2021-08-21,18:41,B3.9,Yes,B3.9,2021-08-21 18:37:00.000,2021-08-21 18:42:00.000,2021-08-21 18:46:00.000,86.550802,0.0,0.0,-114.85578,2021-08-21T18:37:06.033,2021-08-21T18:42:06.033,2021-08-21 18:38:42.033,1983.0,543.0,335.0,863.0,495.0,False,247.0,49.0,67.0,799.0,431.0,245.0109724701938,133.639023,521.261536,-864.8855179669335,282.4017544255611,True,-74.75106948031436,19.25470291189627,11.704968479949608,19.25470291189627,-1.24986629089653,-80.20811760084615,0.6487532787975846,181.019383,2108210017.0,B4.0,3.980186136232078e-07,2108211838.0,0.0,-3.577188386170304,1.0043773006205101
2021-08-21 21:57:00,20210821215901,2021-08-21,21:57,B3.9,Yes,,2021-08-21 20:50:22.000,2021-08-21 21:59:01.000,2021-08-21 22:31:28.000,121.806375,12.145532,553.1,108.5,,,,,,,,,,,,,,,,,,,,,,,,,-1.2399794374074289,-80.05501593568275,0.6480325525390918,,,,,,0.0,-3.5752275774221567,1.0043777275946488
2021-08-21 22:29:00,20210821222956,2021-08-21,22:29,B4.7,Yes,,2021-08-21 22:28:08.000,2021-08-21 22:29:56.000,2021-08-21 22:32:56.000,6.334002,18.007976,-883.2,268.8,2021-08-21T22:08:30.055,2021-08-21T22:34:22.057,2021-08-21 22:26:10.056,1855.0,303.0,151.0,927.0,495.0,False,247.0,49.0,67.0,799.0,431.0,245.0109724701938,194.274048,523.670166,-852.7338833301328,279.0412791961339,True,-72.09130635572205,19.3449183807081,12.277149637436532,19.344918380708098,-1.2383012199297891,-80.03232019117257,0.6479320200131724,181.419524,2108210130.0,B4.7,4.718359605249134e-07,2108212226.0,0.0,-3.574907445381647,1.0043777973047123
2021-08-26 18:12:00,20210826181632,2021-08-26,18:12,C3.0,Yes,,2021-08-26 17:53:20.000,2021-08-26 18:16:32.000,2021-08-26 18:58:56.000,8.61811,18.545032,-192.0,192.0,2021-08-26T17:47:56.661,2021-08-26T19:11:40.670,2021-08-26 18:11:08.663,7423.0,495.0,231.0,927.0,543.0,False,247.0,49.0,67.0,799.0,463.0,245.4815573292944,1297.429688,556.867188,-153.19117525801994,228.32733745252287,True,-9.898594027370848,20.837918976318942,10.739102772691616,20.837918976318942,-0.8522094260859124,-74.27817127944866,0.6248791588999003,192.413183,2108260027.0,C3.1,3.0546241305273725e-06,2108261811.0,0.0,-3.5054487967163146,1.0043929222100496
2021-08-26 23:20:00,20210826232122,2021-08-26,23:20,C3.9,Yes,,2021-08-26 23:19:22.000,2021-08-26 23:21:22.000,2021-08-26 23:27:10.000,-1.239523,-30.551486,-268.8,-576.0,,,,,,,,,,,,,,,,,,,,,,,,,-0.8338741168870987,-74.0053846631507,0.6239494955657907,,,,,,0.0,-3.502367525826383,1.0043935931694108
2021-08-27 21:00:00,20210827205817,2021-08-27,21:00,C7.3,Yes,,2021-08-27 20:40:27.000,2021-08-27 20:58:17.000,2021-08-27 21:28:21.000,1.0672016,-27.668193,-74.6,-543.1,,,,,,,,,,,,,,,,,,,,,,,,,-0.7543834064893908,-72.84176932254817,0.6201572441322637,,,,,,0.0,-3.489362161680445,1.00439642514074
2021-08-29 17:21:00,20210829172426,2021-08-29,17:21,C2.9,Yes (occulted?),,2021-08-29 16:58:44.000,2021-08-29 17:24:26.000,2021-08-29 17:52:51.000,2.28278599999999,-25.549129,301.6,-508.1,2021-08-29T17:04:56.697,2021-08-29T17:48:52.701,2021-08-29 17:18:52.698,17407.0,1983.0,463.0,927.0,495.0,False,271.0,53.0,67.0,799.0,431.0,247.36933933522084,1450.562622,-688.391541,297.0900936033429,-519.8147842079045,True,19.643023265761595,-25.38871175422417,1.1247119697992856,-25.38871175422417,-0.5856199070354906,-70.38806303154314,0.6129434233907368,198.048424,2108290021.0,C3.0,2.9934315080026863e-06,2108291718.0,0.0,-3.462741181686445,1.0044022219682067
2021-08-30 16:12:00,20210830161441,2021-08-30,16:12,C2.0,Yes (occulted),,2021-08-30 16:14:05.000,2021-08-30 16:14:41.000,2021-08-30 16:16:05.000,0.148808999999972,-31.147013,422.4,-576.0,,,,,,,,,,,,,,,,,,,,,,,,,-0.49604302300147485,-69.08371852677749,0.6095113259437797,,,,,,0.0,-3.4490255245756063,1.0044052086087394
2021-08-30 18:23:00,20210830182444,2021-08-30,18:23,B7.0,Yes (occulted),,2021-08-30 18:22:32.000,2021-08-30 18:24:44.000,2021-08-30 18:28:56.000,3.37338799999998,-25.847736,499.2,-499.2,,,,,,,,,,,,,,,,,,,,,,,,,-0.48737577185267617,-68.95802022824898,0.6091952557977284,,,,,,0.0,-3.4477149840347767,1.0044054939843117
2021-08-30 20:47:00,20210830205200,2021-08-30,20:47,B8.0,Yes (occulted),B7.8,2021-08-30 20:44:00.000,2021-08-30 20:52:00.000,2021-08-30 21:03:00.000,-2.52629999999999,-26.0,441.167874,-506.181108,2021-08-30T20:42:36.181,2021-08-30T21:03:52.183,2021-08-30 20:47:36.182,1727.0,183.0,99.0,863.0,495.0,False,271.0,49.0,67.0,799.0,431.0,240.6300732915225,1416.554321,-714.291138,309.69764418511176,-528.815250053761,True,21.1749193280412,-26.76043251025188,347.53119267057144,-26.76043251025188,-0.4774898696854989,-68.81909161920811,0.608851941013094,199.950072,2108300025.0,B7.8,7.817778282515064e-07,2108302047.0,0.0,-3.4462743898524835,1.0044058076795974
2021-09-08 17:24:00,20210908172434,2021-09-08,17:24,C8.3,Yes,,2021-09-08 17:18:58.000,2021-09-08 17:24:34.000,2021-09-08 17:33:58.000,-162.467121,-14.107029,-192.0,-345.6,2021-09-08T17:13:01.900,2021-09-08T18:08:45.906,2021-09-08 17:24:25.901,126975.0,14847.0,3711.0,1343.0,543.0,False,247.0,49.0,67.0,799.0,431.0,233.6666666666667,1128.004395,-474.074097,-156.32983252895065,-383.86665917665295,True,-9.819453518320358,-16.52869760496813,199.5319786101172,-16.52869760496813,0.4165105100369938,-55.71859871557831,0.5885211184220169,209.026439,2109080016.0,C8.3,8.337455255968962e-06,2109081724.0,0.0,-3.318651751076237,1.0044335980320944
2021-09-20 19:24:00,20210920192500,2021-09-20,19:24,B4.0,Yes,B4.0,2021-09-20 19:17:00.000,2021-09-20 19:25:00.000,2021-09-20 19:29:00.000,-1.028279,-29.0,-650.61768,-525.553338,2021-09-20T19:16:04.096,2021-09-20T19:26:00.097,2021-09-20 19:21:40.097,1343.0,167.0,99.0,927.0,495.0,False,247.0,49.0,61.0,799.0,431.0,227.2666666666667,-327.989014,-829.442993,-644.6909071733244,-531.2664857538944,True,-50.58362202615723,-29.359368201077185,359.2621945589483,-29.359368201077185,1.540617674561741,-37.12733228700614,0.5970272144315592,203.132565,2109200027.0,B4.1,4.067843235588953e-07,2109201921.0,0.0,-3.1445799540465735,1.0044715028791156
2021-09-20 21:00:00,20210920210000,2021-09-20,21:00,B2.5,Yes,B2.5,2021-09-20 20:55:00.000,2021-09-20 21:00:00.000,2021-09-20 21:04:00.000,-1.9266,-29.0,-650.62998,-525.549,2021-09-20T20:53:36.084,2021-09-20T20:58:24.085,2021-09-20 20:56:40.084,1727.0,199.0,91.0,863.0,495.0,False,247.0,49.0,61.0,799.0,431.0,227.2666666666667,-322.003876,-832.940796,-640.773768048035,-533.7535321789766,True,-50.259791524071375,-29.506945991430683,358.7151942345566,-29.506945991430683,1.5456945002748763,-37.03027986353089,0.5971878599140292,203.043704,2109200028.0,B2.6,2.599948913939443e-07,2109202056.0,0.0,-3.143619557925045,1.004471712009306
2021-09-20 21:52:00,20210920214208,2021-09-20,21:52,B3.3,Yes,,2021-09-20 21:41:32.000,2021-09-20 21:42:08.000,2021-09-20 21:43:32.000,-1.292753,-27.010329,-652.8,-499.2,2021-09-20T21:34:52.089,2021-09-20T21:59:08.091,2021-09-20 21:38:44.089,2175.0,367.0,151.0,927.0,495.0,False,247.0,49.0,61.0,799.0,431.0,227.2666666666667,-306.382385,-833.708008,-634.1518374560401,-535.1216628013336,True,-49.569280390741255,-29.536160488421284,359.02009435139223,-29.536160488421284,1.5479377494430235,-36.9873324360986,0.5972593660075508,203.003103,2109200046.0,B3.3,3.334563700718718e-07,2109202138.0,0.0,-3.1430993433591907,1.0044718252881593
2021-09-21 20:24:00,20210921202444,2021-09-21,20:24,B5.1,Yes,,2021-09-21 20:23:44.000,2021-09-21 20:24:44.000,2021-09-21 20:27:56.000,-5.945751,-26.272054,-576.0,-499.2,2021-09-21T20:16:00.122,2021-09-21T20:27:56.124,2021-09-21 20:20:36.123,1983.0,303.0,183.0,863.0,495.0,False,247.0,49.0,67.0,799.0,431.0,236.8666666666667,-146.036041,-784.949585,-562.6517978510819,-518.3020363979587,True,-41.47792563943045,-27.561969430857847,354.62790376115606,-27.561969430857847,1.618943869627451,-35.606630092008004,0.5996961834385646,201.655662,2109210115.0,B5.1,5.118644708090869e-07,2109212020.0,0.0,-3.129573764647503,1.0044747705383417
2021-09-22 20:12:00,20210922201335,2021-09-22,20:12,C1.1,Yes,,2021-09-22 20:12:35.000,2021-09-22 20:13:35.000,2021-09-22 20:14:59.000,-7.86584,-30.978515,-422.4,-576.0,2021-09-22T20:07:04.072,2021-09-22T20:18:20.074,2021-09-22 20:10:16.073,6399.0,1471.0,1215.0,1471.0,543.0,False,247.0,49.0,67.0,799.0,431.0,242.7186661201564,147.970734,-786.664124,-401.1072290451266,-534.2956133989546,True,-28.192652492751392,-27.713355149263297,354.8086001790886,-27.713355149263297,1.6900381425355435,-34.17856161447679,0.6025042515347724,200.11482,2109220064.0,C1.1,1.1058975815103622e-06,2109222010.0,0.0,-3.115287872339526,1.0044778813499247
2021-09-23 15:24:00,20210923152609,2021-09-23,15:24,M1.9,Yes,,2021-09-23 15:03:25.000,2021-09-23 15:26:09.000,2021-09-23 15:35:23.000,-1.834879,-30.264727,-207.9,-577.7,2021-09-23T15:20:04.190,2021-09-23T16:39:08.201,2021-09-23 15:24:44.191,344063.0,38911.0,6399.0,2687.0,735.0,False,271.0,49.0,67.0,799.0,431.0,233.6666666666667,412.906555,-834.307434,-224.8926060833037,-571.9487576019571,True,-15.680876014646856,-29.86235592705792,356.73864475133297,-29.862355927057926,1.7448070255925638,-33.04251509968259,0.6049537312081248,198.7701,2109230075.0,M1.9,1.8943426766782068e-05,2109231524.0,0.0,-3.1037631188809707,1.0044803909122104
2021-09-23 20:40:00,20210923204100,2021-09-23,20:40,C1.0,Yes,C1.0,2021-09-23 20:34:00.000,2021-09-23 20:41:00.000,2021-09-23 20:46:00.000,-5.3316145,-27.0,-221.248812,-532.982016,2021-09-23T20:32:40.122,2021-09-23T20:49:08.124,2021-09-23 20:37:20.123,4863.0,799.0,367.0,927.0,495.0,False,271.0,49.0,67.0,799.0,431.0,242.8065039970336,436.875244,-776.755859,-216.59682717500252,-540.0882678563837,True,-14.740253571688186,-27.492503314808207,354.8140728920252,-27.49250331480821,1.759225184426427,-32.73766087744838,0.6056443735258189,198.408637,2109230072.0,C1.1,1.0637852483341703e-06,2109232037.0,0.0,-3.1006018149809647,1.0044810792990873
2021-09-24 21:16:00,20210924211600,2021-09-24,21:16,B2.0,Yes,B2.5,2021-09-24 21:11:00.000,2021-09-24 21:16:00.000,2021-09-24 21:20:00.000,-3.86905999999999,0.0,0.0,-116.542038,2021-09-24T21:12:04.274,2021-09-24T21:15:56.275,2021-09-24 21:13:20.274,2431.0,607.0,271.0,927.0,495.0,False,247.0,49.0,67.0,799.0,431.0,242.23212854721928,695.62384,-764.848145,-25.356775949243456,-540.3902805489521,True,-1.7030337145893668,-27.28788833093201,354.3229677961316,-27.28788833093201,1.8249066538690897,-31.314763907377085,0.6090595319726982,196.561966,2109240051.0,B2.5,2.5203738118761976e-07,2109242113.0,0.0,-3.0858357246122234,1.0044842946757655
2021-09-25 19:15:00,20210925191700,2021-09-25,19:15,C1.7,Yes,C1.7,2021-09-25 19:11:00.000,2021-09-25 19:17:00.000,2021-09-25 19:21:00.000,-15.96716,0.0,0.0,-116.034576,2021-09-25T19:09:40.409,2021-09-25T19:31:36.412,2021-09-25 19:13:48.410,12799.0,1215.0,399.0,927.0,495.0,False,247.0,49.0,67.0,799.0,431.0,242.00761193876053,907.074036,-754.103394,152.76777482461665,-537.1050385790562,True,10.303338523478482,-27.19235647022053,354.226987974822,-27.19235647022053,1.8802859154309493,-30.065855681426623,0.6123250329044513,194.800056,2109250079.0,C1.7,1.7193410712934565e-06,2109251913.0,0.0,-3.072640282067239,1.004487168037445
2021-10-11 19:21:00,20211011192405,2021-10-11,19:21,B2,Yes,,2021-10-11 19:23:17.000,2021-10-11 19:24:05.000,2021-10-11 19:33:41.000,154.820137,17.146626,345.6,192.0,,,,,,,,,,,,,,,,,,,,,,,,,2.361234654656324,-12.570467543950656,0.6938763589468682,,,,,,0.0,-2.84208518813939,1.0045373723537927
2021-10-12 15:57:00,20211012160010,2021-10-12,15:57,B6,Yes,,2021-10-12 15:59:22.000,2021-10-12 16:00:10.000,2021-10-12 16:03:10.000,154.160164,16.589777,499.2,192.0,2021-10-12T15:56:16.112,2021-10-12T16:12:28.114,2021-10-12 15:59:08.113,2687.0,991.0,927.0,1215.0,543.0,False,247.0,49.0,67.0,799.0,431.0,237.40000000000003,930.104431,347.844177,501.7888068598991,187.5001448254949,True,32.806541964927405,16.30687311406826,154.21600327880302,16.306873114068257,2.3652785348878185,-11.870988901901285,0.6991811595477967,149.061097,2110120018.0,B5.9,5.926475523665431e-07,2110121559.0,0.0,-2.8297200880745756,1.004540064904995
2021-10-28 15:26:00,20211028153500,2021-10-28,15:26,X1,Yes,X1.0,2021-10-28 15:17:00.000,2021-10-28 15:35:00.000,2021-10-28 15:48:00.000,-84.1613,-26.0,75.917628,-494.734602,,,,,,,,,,,,,,,,,,,,,,,,,2.189027570078352,-2.8173137088317883,0.8039085448935304,,,,,,0.0,-2.59953514681852,1.0045901886190818
2021-11-01 20:43:00,20211101204317,2021-11-01,20:43,C2.1,Yes,,2021-11-01 20:42:29.000,2021-11-01 20:43:17.000,2021-11-01 20:45:05.000,-151.9684756,15.672394,-115.2,192.0,2021-11-01T20:40:10.766,2021-11-01T20:45:50.767,2021-11-01 20:42:42.767,8703.0,735.0,399.0,927.0,495.0,False,247.0,49.0,67.0,799.0,463.0,240.74001220089644,-59.17955,290.539276,-73.90102610411122,207.2136574078165,True,-4.555210008244444,16.60418360677394,210.48828050055943,16.60418360677394,2.0922374198822817,-1.501496922124261,0.8319658271020803,79.991508,2111010029.0,C2.1,2.1127382296981523e-06,2111012042.0,0.0,-2.538740071499648,1.0046034269958257
2021-11-01 21:11:00,20211101211410,2021-11-01,21:11,C4.0,Yes,,2021-11-01 21:11:22.000,2021-11-01 21:14:10.000,2021-11-01 21:30:58.000,-85.725389,-28.923106,729.6,-499.2,,,,,,,,,,,,,,,,,,,,,,,,,2.0916138907823383,-1.4962711550061694,0.8320949187222328,,,,,,0.0,-2.538459955964124,1.0046034879921313
2021-11-01 23:39:00,20211101233953,2021-11-01,23:39,C4.5,Yes,,2021-11-01 23:37:29.000,2021-11-01 23:39:53.000,2021-11-01 23:41:29.000,-148.845624,15.687887,-38.4,192.0,2021-11-01T23:35:18.784,2021-11-02T00:06:42.787,2021-11-01 23:38:42.784,23551.0,2943.0,863.0,991.0,543.0,False,247.0,49.0,67.0,799.0,463.0,240.74001220089644,-38.37553,281.703094,-56.061807262245566,200.0743002714018,True,-3.4461393515694,16.166015942455136,209.9858150590368,16.166015942455136,2.08924234937127,-1.4690228560811531,0.8327737058149947,79.637336,2111010026.0,C4.5,4.519747108133743e-06,2111012338.0,0.0,-2.5369793452767406,1.004603810401175
2021-11-03 21:14:00,20211103211644,2021-11-03,21:14,C5.2,Yes,,2021-11-03 21:05:44.000,2021-11-03 21:16:44.000,2021-11-03 21:43:20.000,-83.7226,-25.468627,883.2,-422.4,2021-11-03T21:01:03.064,2021-11-03T22:23:19.070,2021-11-03 21:12:11.065,14847.0,799.0,167.0,927.0,495.0,False,247.0,49.0,67.0,799.0,431.0,223.00000000000009,1051.05481,-478.52713,895.2521421168088,-408.749723678516,True,87.89156239170025,-24.456150976892697,276.295216059225,-24.456150976892697,2.041583375357198,-1.0031404974611178,0.8452749148579658,73.081523,2111030013.0,C5.2,5.239914571575355e-06,2111032112.0,0.0,-2.5096180599390494,1.0046097684331636
2021-12-12 21:13:00,20211212211232,2021-12-12,21:13,C1.2,Yes,,2021-12-12 20:49:56.000,2021-12-12 21:12:32.000,2021-12-12 21:28:08.000,-41.215329,-20.912685,-883.2,-345.6,2021-12-12T20:49:08.682,2021-12-12T21:28:48.686,2021-12-12 21:12:16.684,1471.0,167.0,91.0,863.0,495.0,False,247.0,49.0,67.0,799.0,431.0,238.8646612480572,-857.353516,-348.374207,-897.922475977568,-355.1367943671856,True,-81.71486879318746,-21.45482787518328,312.6532174045269,-21.454827875183277,0.5804746917485314,-5.086402616561486,1.0140457389142854,-14.735773,2112120002.0,C1.2,1.2098096249246737e-06,2112122112.0,0.0,-1.947796332962823,1.0047321074161444
2021-12-14 20:33:00,20211214203300,2021-12-14,20:33,C1.6,Yes,C1.6,2021-12-14 20:23:00.000,2021-12-14 20:33:00.000,2021-12-14 20:43:00.000,-43.4815684,-20.0,-723.42708,-325.408182,2021-12-14T20:29:32.072,2021-12-14T21:10:52.076,2021-12-14 20:32:48.072,5887.0,671.0,183.0,863.0,495.0,False,271.0,49.0,67.0,799.0,431.0,237.40000000000003,-649.109924,-361.177826,-726.9530461428221,-358.8149144226733,True,-53.40136530957778,-22.07393183014435,314.9767443311081,-22.073931830144343,0.4813738133966981,-5.75833930182273,1.0148476975864016,-15.246796,2112140002.0,C3.1,3.0698126920469804e-06,2112142032.0,0.0,-1.919384614367229,1.0047382941842788
2021-12-31 19:42:00,20211231194222,2021-12-31,19:42,C8.1,Yes,,2021-12-31 19:39:34.000,2021-12-31 19:42:22.000,2021-12-31 19:46:10.000,-140.782839,19.950191,883.2,345.6,2021-12-31T19:38:48.249,2021-12-31T20:41:44.256,2021-12-31 19:46:28.250,27647.0,1983.0,231.0,927.0,495.0,False,247.0,49.0,67.0,799.0,431.0,240.44414499622965,900.072388,321.63324,873.5764858331722,340.5625444614683,True,71.5737595849507,19.48970166375801,216.4331917382299,19.48970166375801,-0.3840470608978883,-11.478746818683192,0.9977952780813916,-7.194852,2112310002.0,C8.2,8.1711123129935e-06,2112311946.0,0.0,-1.6749938138133764,1.0047915112824328
2022-01-18 17:38:00,20220118174400,2022-01-18,17:38,M1.2,Yes,M1.5,2022-01-18 17:01:00.000,2022-01-18 17:44:00.000,2022-01-18 18:10:00.000,-35.60892,8.0,792.74658,182.84988,2022-01-18T17:28:07.965,2022-01-18T17:53:39.968,2022-01-18 17:39:07.967,69631.0,4863.0,399.0,927.0,495.0,False,247.0,49.0,67.0,799.0,431.0,239.41610959291225,1083.401123,192.514145,983.4442694594752,207.45973103247357,True,73.06250226953378,10.069444323113643,342.04497403359863,10.069444323113643,-1.3562658118046438,-16.54134427791928,0.9322737648689562,25.858186,2201180023.0,M1.5,1.5293571777874604e-05,2201181739.0,0.0,-1.4169273726537748,1.0048477063073615
2022-01-28 19:31:00,20220128193400,2022-01-28,19:31,C2.8,Yes,C2.7,2022-01-28 19:22:00.000,2022-01-28 19:34:00.000,2022-01-28 19:40:00.000,115.43594,17.0,-335.046,372.099912,2022-01-28T18:57:08.753,2022-01-28T19:42:24.754,2022-01-28 19:31:36.753,15871.0,1855.0,463.0,863.0,495.0,False,247.0,49.0,67.0,799.0,431.0,244.3627364684527,-22.423338,395.276031,-309.0755279643927,404.6991261104607,True,-19.531057299753343,19.020411659449543,116.7513926745056,19.020411659449547,-1.9503752626471127,-18.30055798199805,0.8728289364946522,55.88125,2201280056.0,C2.8,2.761081532298704e-06,2201281931.0,0.0,-1.271737488154276,1.0048793219995924
2022-01-28 20:35:00,20220128203500,2022-01-28,20:35,B5.3,Yes,B5.3,2022-01-28 20:27:00.000,2022-01-28 20:35:00.000,2022-01-28 20:42:00.000,177.84163,26.0,587.294868,491.49984,,,,,,,,,,,,,,,,,,,,,,,,,-1.9526017288458495,-18.30439373192265,0.8725236705487106,,,,,,0.0,-1.271097224073257,1.0048794614197194
2022-01-28 20:49:00,20220128204900,2022-01-28,20:49,B6.5,Yes,B6.5,2022-01-28 20:42:00.000,2022-01-28 20:49:00.000,2022-01-28 20:58:00.000,135.70448,0.0,0.0,98.382186,,,,,,,,,,,,,,,,,,,,,,,,,-1.953196160372449,-18.305496210018934,0.8724579638206683,,,,,,0.0,-1.2709571663055996,1.0048794919178723
2022-01-29 23:00:00,20220129230859,2022-01-29,23:00,M1,Yes,,2022-01-29 22:41:19.000,2022-01-29 23:08:59.000,2022-01-29 23:26:20.000,110.46368,17.657099,-177.5,388.3,,,,,,,,,,,,,,,,,,,,,,,,,-2.020154411900426,-18.421371131380706,0.8649907162067452,,,,,,0.0,-1.2552406839415235,1.0048829142463016
2022-02-03 20:42:00,20220203204300,2022-02-03,20:42,C1.3,Yes,C1.3,2022-02-03 20:37:00.000,2022-02-03 20:43:00.000,2022-02-03 20:48:00.000,117.752506,15.0,823.5801,300.180012,2022-02-03T20:37:56.549,2022-02-03T20:46:56.550,2022-02-03 20:41:32.549,3455.0,927.0,607.0,991.0,495.0,False,271.0,49.0,67.0,799.0,431.0,242.86319788574963,1172.042969,312.058533,930.4339038583882,296.55183759189174,True,70.49484176002811,14.889563756686483,127.13911096868124,14.88956375668648,-2.3286635803003524,-18.711185059990044,0.8288933624090737,78.269572,2202030053.0,C1.4,1.3673065950570162e-06,2202032041.0,0.0,-1.1845915442505257,1.0048982983859374
2022-02-05 17:00:00,20220205170932,2022-02-05,17:00,C2.1,Yes,,2022-02-05 16:46:20.000,2022-02-05 17:09:32.000,2022-02-05 17:27:32.000,120.483596,15.513482,960.0,268.8,2022-02-05T16:55:04.722,2022-02-05T17:37:40.726,2022-02-05 17:01:32.723,3199.0,399.0,123.0,863.0,543.0,False,247.0,49.0,67.0,799.0,431.0,238.61852118643523,1176.779663,388.842407,916.295709060902,355.31180158601313,True,70.30344449994674,18.260078333343177,102.6257799885941,18.260078333343177,-2.447735285871671,-18.706969359123946,0.814199491876595,85.771066,2202050035.0,C2.1,2.1474124878295697e-06,2202051701.0,0.0,-1.1580005766353167,1.0049040886780858
2022-02-08 21:40:00,20220208213810,2022-02-08,21:40,C5.1,Yes,,2022-02-08 21:36:10.000,2022-02-08 21:38:10.000,2022-02-08 21:39:34.000,29.636557,-21.089387,576.0,-268.8,2022-02-08T21:33:24.097,2022-02-08T22:13:36.102,2022-02-08 21:40:52.098,27647.0,1983.0,271.0,927.0,495.0,False,247.0,49.0,67.0,799.0,431.0,240.08116349097736,1057.195068,-365.081818,680.709136415249,-236.35560576714732,True,47.37990320728608,-18.49688410722014,37.64662120447445,-18.49688410722014,-2.6575438672636507,-18.526490327891054,0.7873571876646578,99.426382,2202080013.0,C5.2,5.169662017578958e-06,2202082140.0,0.0,-1.1119815958113808,1.004914109499712
2022-03-30 17:30:00,20220330173256,2022-03-30,17:30,X1.4,Yes,,2022-03-30 17:23:06.000,2022-03-30 17:32:56.000,2022-03-30 17:54:31.000,85.552321,13.721482,491.5,319.0,2022-03-30T17:18:23.999,2022-03-30T17:26:16.000,2022-03-30 17:25:15.999,1376255.0,221183.0,59391.0,12799.0,1855.0,True,303.0,49.0,64.0,799.0,431.0,342.3870664918652,-2513.287598,612.949585,495.0937721394659,307.89393952543514,True,31.81237603507933,13.024986058456976,85.57358486291031,13.024986058456978,1.628825006370967,95.50934617856475,0.3353637346548113,330.958233,2203306666.0,M3.4,3.4235832572449e-05,2203301725.0,0.0,-0.39418553622089636,1.0050704125326875
2022-03-31 18:28:00,20220331182910,2022-03-31,18:28,M9.7,Yes,,2022-03-31 18:25:20.000,2022-03-31 18:29:10.000,2022-03-31 18:52:27.000,86.308666,13.397097,675.8,295.8,2022-03-31T18:20:44.158,2022-03-31T18:23:40.158,2022-03-31 18:22:40.158,1376255.0,311295.0,69631.0,17407.0,2431.0,True,303.0,49.0,67.0,799.0,431.0,391.64682127960106,-2231.797607,514.596741,689.4069471169239,267.8030803259345,True,46.9787542428577,11.71077504348682,87.02359052788778,11.71077504348682,2.056461148681913,100.7201952378862,0.3420703729546255,327.776231,2203315831.0,M3.6,3.5848523111781105e-05,2203311822.0,0.0,-0.37919935507431823,1.0050736758350345
2022-03-31 19:32:00,20220331193110,2022-03-31,19:32,C5,Yes,,2022-03-31 19:30:10.000,2022-03-31 19:31:10.000,2022-03-31 19:34:46.000,-0.396591000000001,-21.294999,-576.0,-268.8,2022-03-31T18:36:24.160,2022-03-31T19:50:56.168,2022-03-31 19:34:12.166,1376255.0,118783.0,7423.0,1087.0,543.0,True,303.0,49.0,67.0,799.0,431.0,283.63604651279803,-2130.368652,500.592896,729.4940621099234,259.6848211377517,True,50.6514369123822,11.535265460750692,90.04100056973891,11.535265460750692,2.075898416471785,100.96289653809512,0.3424213253942173,327.651797,2203311030.0,M5.9,5.860851160832681e-05,2203311934.0,0.0,-0.3785590909932983,1.0050738152551613
2022-05-11 18:35:00,20220511183411,2022-05-11,18:35,M2.6,Yes,,2022-05-11 18:33:11.000,2022-05-11 18:34:11.000,2022-05-11 18:41:11.000,178.837733,-18.752891,-576.0,-268.8,2022-05-11T18:13:47.964,2022-05-11T19:43:15.973,2022-05-11 18:42:35.967,221183.0,17407.0,1727.0,1215.0,543.0,False,271.0,45.0,61.0,799.0,431.0,290.3672034892208,-1028.967651,-364.924469,,,False,102.91170527360806,-16.04347659660992,321.2784685172407,-16.04347659660992,3.195318306708547,164.95105306686574,0.7933490802398683,108.035066,2205119242.0,M2.7,2.672471418918576e-05,2205111842.0,0.0,0.21151428855837118,1.0052023061512447
2022-05-15 00:01:00,20220515000135,2022-05-15,00:01,M2.3,Yes,,2022-05-15 00:00:23.000,2022-05-15 00:01:35.000,2022-05-15 00:02:23.000,86.644936,11.284375,-960.0,192.0,,,,,,,,,,,,,,,,,,,,,,,,,3.0147948731227623,165.27186326238746,0.8200080552901701,,,,,,0.0,0.2579934591905797,1.0052124271810874
2022-09-12 23:45:00,20220912234508,2022-09-12,23:45,M1.8,Yes,,2022-09-12 23:41:08.000,2022-09-12 23:45:08.000,2022-09-13 15:57:32.000,54.702864,17.242614,576.0,192.0,2022-09-12T23:23:04.001,2022-09-13T00:07:12.005,2022-09-12 23:39:28.002,1471.0,183.0,135.0,863.0,463.0,False,303.0,49.0,57.0,735.0,399.0,232.5934960547564,509.747162,-526.428284,,,False,174.38981090639396,-24.60520055917368,189.9325140083037,-24.60520055917368,-5.0262036454063,153.1256267780935,0.6245848268641926,190.822068,2209122375.0,M1.8,1.7789603589335456e-05,2209122339.0,0.0,2.000952353770467,1.0055919636217436
2022-09-16 15:51:00,20220916155736,2022-09-16,15:51,M6.7,Yes,,2022-09-16 15:33:45.000,2022-09-16 15:57:36.000,2022-09-16 16:26:15.000,55.224791,17.806108,922.0,298.1,2022-09-16T15:45:59.557,2022-09-16T16:34:43.562,2022-09-16 15:55:15.558,1114111.0,139263.0,19455.0,9727.0,2943.0,True,303.0,45.0,61.0,735.0,399.0,254.682595702962,-1528.555542,570.750916,883.2750852715978,286.57255828642747,True,78.10787255177934,19.08439981541954,45.09150690341823,19.08439981541954,-5.887392279801097,156.1853850306034,0.5809911912535873,212.2864,2209165872.0,M6.2,6.20414357399568e-05,2209161555.0,0.0,2.0538341652128667,1.0056034788528558
2022-09-17 20:43:00,20220917204444,2022-09-17,20:43,M2.6,Yes,,2022-09-17 20:36:44.000,2022-09-17 20:44:44.000,2022-09-17 20:57:44.000,37.067556,21.927518,883.2,345.6,2022-09-17T20:05:23.334,2022-09-17T21:05:35.341,2022-09-17 20:34:59.338,1376255.0,221183.0,34815.0,2687.0,463.0,True,303.0,45.0,61.0,735.0,399.0,256.89985045591646,-1363.884399,624.40863,,,False,99.75112157902596,18.321938739652897,50.967418179456914,18.321938739652897,-6.177341627351315,157.4069820749004,0.5662482025079496,219.457203,2209178695.0,M2.6,2.605891859275289e-05,2209172034.0,0.0,2.0711613119056844,1.005607251910042
2022-09-18 22:11:00,20220918221129,2022-09-18,22:11,C3.0,Yes,,2022-09-18 22:10:29.000,2022-09-18 22:11:29.000,2022-09-18 22:12:29.000,-65.2945286,-24.26314,-38.4,-499.2,,,,,,,,,,,,,,,,,,,,,,,,,-5.913292001146755,158.65643646534727,0.551730911066914,,,,,,0.0,2.08644761684028,1.0056105805655737
2022-09-23 18:02:00,20220923180908,2022-09-23,18:02,M1.7,Yes?,,2022-09-23 17:47:56.000,2022-09-23 18:09:08.000,2022-09-23 19:32:56.000,157.423356,18.114565,-883.2,268.8,,,,,,,,,,,,,,,,,,,,,,,,,-6.891761926933506,165.74122459154012,0.4882924907379755,,,,,,0.0,2.155986298515688,1.0056257228984269
2022-09-30 16:24:00,20220930162356,2022-09-30,16:24,M3.0,Yes,,2022-09-30 16:12:56.000,2022-09-30 16:23:56.000,2022-09-30 16:56:08.000,58.264093,22.019764,-883.2,345.6,2022-09-30T16:06:08.391,2022-09-30T17:09:32.397,2022-09-30 16:14:52.392,1015807.0,118783.0,15871.0,3455.0,671.0,False,303.0,45.0,57.0,735.0,399.0,346.91751567809507,2287.453125,917.804321,-908.5630939048716,358.4384292751118,True,-91.38275863202524,21.51902828125281,50.62582521671631,21.51902828125281,-9.044976162558644,-177.41067165706897,0.3969121210203766,302.852197,2209303250.0,M3.0,2.970446621475276e-05,2209301614.0,0.0,2.255847486903659,1.0056474680813559
2022-10-02 20:23:00,20221002202353,2022-10-02,20:23,X1.1,Yes,,2022-10-02 20:07:29.000,2022-10-02 20:23:53.000,2022-10-02 21:35:53.000,46.86813,23.863153,-806.4,345.6,2022-10-02T19:49:16.520,2022-10-02T20:57:36.527,2022-10-02 20:17:48.523,34815.0,3455.0,335.0,863.0,463.0,False,247.0,45.0,57.0,735.0,399.0,224.21747421485463,2440.695801,954.276733,-897.6405553238001,332.8507704563372,True,-83.59837085553573,21.00559291352469,29.79083546135984,21.00559291352469,-9.186781616694333,-169.64223420997402,0.3692773503234084,316.399523,2210028604.0,X1.1,0.0001064976240741,2210022017.0,0.0,2.28705035672757,1.0056542626341063
2022-10-10 16:12:00,20221010161910,2022-10-10,16:12,M2.4,Yes,,2022-10-10 16:18:22.000,2022-10-10 16:19:10.000,2022-10-10 16:20:22.000,39.428913,26.44344,422.4,345.6,2022-10-10T15:59:27.936,2022-10-10T17:26:59.945,2022-10-10 16:08:51.937,59391.0,4351.0,671.0,863.0,463.0,False,247.0,45.0,57.0,735.0,399.0,222.668059694376,-3042.699219,1119.410156,,,False,144.13442258199987,20.028058928974225,154.24623732034064,20.028058928974225,-6.110312367023984,-128.58444613561943,0.2990969032865219,350.318693,2210101368.0,M2.4,2.410041815892328e-05,2210101608.0,0.0,2.3997868556199107,1.0056788114686512
2022-10-19 21:44:00,20221019214500,2022-10-19,21:44,C4.2,Yes?,C4.2,2022-10-19 21:40:00.000,2022-10-19 21:45:00.000,2022-10-19 21:50:00.000,-111.53387,0.0,0.0,-92.96292,2022-10-19T21:35:36.372,2022-10-19T21:55:04.374,2022-10-19 21:39:40.372,139263.0,14847.0,2687.0,1215.0,463.0,False,231.0,45.0,57.0,735.0,399.0,222.9560557341169,2365.551025,-661.190186,-265.384475260973,-273.7939084463263,True,-16.23951677199551,-11.153955126897348,232.12376963699887,-11.15395512689735,3.720427041516253,-72.59817681906009,0.3336591794951482,330.384874,2210198308.0,C4.2,4.200574494461762e-06,2210192139.0,0.0,2.532761701948446,1.0057077672862722
2022-10-25 19:00:00,20221025190035,2022-10-25,19:00,C4.9,Yes?,,2022-10-25 18:59:35.000,2022-10-25 19:00:35.000,2022-10-25 19:03:23.000,82.896525,25.481004,-883.2,422.4,2022-10-25T18:51:05.969,2022-10-25T19:36:57.974,2022-10-25 18:58:09.970,77823.0,4863.0,543.0,863.0,463.0,False,247.0,45.0,57.0,735.0,399.0,226.31513091362743,-1009.341309,783.456421,-849.5960895272437,399.4050268737359,True,-77.35067527052053,25.62396338712841,93.36620847767288,25.6239633871284,7.330375851280164,-49.47436799690894,0.4045784584462928,293.540925,2210257576.0,C4.9,4.922897915093927e-06,2210251858.0,0.0,2.6175566761796576,1.0057262317393385
2022-11-10 18:14:00,20221110181532,2022-11-10,18:14,B9.7,Yes,,2022-11-10 18:13:44.000,2022-11-10 18:15:32.000,2022-11-10 18:19:20.000,-37.4549477,10.166295,38.4,115.2,2022-11-10T18:09:40.067,2022-11-10T18:15:32.067,2022-11-10 18:12:04.067,1599.0,399.0,247.0,863.0,431.0,False,271.0,45.0,57.0,735.0,399.0,226.6386173673617,645.899536,139.403778,35.74099528122708,169.33388215405216,True,2.1635507663887137,13.385523023755953,322.3417431594347,13.385523023755956,9.146470479147142,-22.68595670329853,0.6113627744800719,187.75446,2211102195.0,B9.6,9.55272753344616e-07,2211101812.0,0.0,2.847591555541757,1.005776322776833
2022-11-12 18:02:00,20221112180210,2022-11-12,18:02,C6.5,Yes,,2022-11-12 18:01:46.000,2022-11-12 18:02:10.000,2022-11-12 18:06:58.000,-39.885125,9.6244808,422.4,115.2,2022-11-12T17:58:51.861,2022-11-12T18:07:39.862,2022-11-12 18:00:31.861,69631.0,8703.0,4863.0,2687.0,735.0,False,247.0,45.0,57.0,735.0,399.0,227.41858073008405,1102.22937,185.051224,428.6441671527967,174.41656712768307,True,26.89130805855012,13.130228038032069,320.80875658896616,13.130228038032069,9.079082825956933,-21.2405553275849,0.634271298791495,176.081981,2211124837.0,C6.5,6.548790224769618e-06,2211121800.0,0.0,2.876283389672772,1.005782570541273
2022-11-13 19:08:00,20221113190834,2022-11-13,19:08,C2.2,Yes,,2022-11-13 19:06:10.000,2022-11-13 19:08:34.000,2022-11-13 19:12:58.000,-36.100075,13.583095,652.8,192.0,,,,,,,,,,,,,,,,,,,,,,,,,7.754766144735042,-19.957193247206924,0.648639021670535,,,,,,0.0,2.8913496038295294,1.005785851271136
2022-11-13 22:15:00,20221113222300,2022-11-13,22:15,C2.0,Yes,C2.1,2022-11-13 22:12:00.000,2022-11-13 22:23:00.000,2022-11-13 22:27:00.000,-31.48511,24.0,680.1483,364.81251,,,,,,,,,,,,,,,,,,,,,,,,,7.747709733106858,-19.882280295768762,0.6500755671435129,,,,,,0.0,2.8932203754413033,1.0057862586393196
2022-11-14 19:27:00,20221114192810,2022-11-14,19:27,C5.1,Yes,,2022-11-14 19:24:58.000,2022-11-14 19:28:10.000,2022-11-14 19:29:58.000,-38.764932,22.542656,729.6,345.6,2022-11-14T19:06:04.184,2022-11-14T19:58:08.189,2022-11-14 19:25:20.186,38911.0,5375.0,991.0,863.0,495.0,False,271.0,45.0,57.0,735.0,399.0,277.03155642527105,1320.987305,516.106079,763.2224209289185,351.5137871300598,True,58.38199093226615,22.74793627993194,325.1578599965087,22.74793627993194,8.983973154352574,-19.99651605029044,0.6570582843822212,164.441121,2211149211.0,C5.1,5.123133178130956e-06,2211141925.0,0.0,2.905945624051717,1.005789029614343
2022-11-14 21:24:00,20221114212420,2022-11-14,21:24,C2.6,Yes,,2022-11-14 21:14:20.000,2022-11-14 21:24:20.000,2022-11-14 21:30:20.000,-30.451276,22.150716,806.4,345.6,2022-11-14T21:10:16.097,2022-11-14T21:26:16.099,2022-11-14 21:12:44.097,10751.0,1855.0,671.0,863.0,463.0,False,271.0,45.0,57.0,735.0,399.0,277.03155642527105,1327.634888,517.813354,777.2090856061475,350.39300178382246,True,60.0350706362169,22.603274169564383,325.8277735482412,22.603274169564383,8.980117378352006,-19.95577578834559,0.6578665819397324,164.055741,2211148609.0,C2.6,2.601630058052251e-06,2211142112.0,0.0,2.9071161068248896,1.0057892844917626
2022-11-18 18:54:00,20221118190500,2022-11-18,18:54,C4.6,Yes,C4.6,2022-11-18 18:44:00.000,2022-11-18 19:05:00.000,2022-11-18 19:17:00.000,-145.494,0.0,0.0,-41.4234312,2022-11-18T18:33:04.484,2022-11-18T19:50:48.492,2022-11-18 19:00:00.486,27647.0,2175.0,231.0,799.0,463.0,False,231.0,45.0,57.0,735.0,399.0,226.53177527957823,1104.94873,394.475189,597.3763970713202,323.8416079600105,True,41.17503907628464,21.265637220569037,255.4559239066901,21.265637220569037,8.746259558551653,-18.1907650354662,0.6985341280821881,143.330449,2211183308.0,C4.6,4.635191999113886e-06,2211181900.0,0.0,2.963239255177476,1.0058015055372678
2022-11-18 22:04:00,20221118220400,2022-11-18,22:04,C1.9,Yes,C1.8,2022-11-18 21:59:00.000,2022-11-18 22:04:00.000,2022-11-18 22:08:00.000,-107.27906,20.0,588.025272,303.082254,2022-11-18T21:57:36.505,2022-11-18T22:06:28.506,2022-11-18 22:01:56.506,8703.0,799.0,463.0,863.0,431.0,False,231.0,45.0,57.0,735.0,399.0,226.53177527957823,-627.816101,-483.87027,-682.6819107003976,-244.43049203627703,True,-46.00172671694605,-12.86975224370019,166.61382222162146,-12.869752243700187,8.737808177155603,-18.144765128776957,0.6997938122765711,142.699901,2211187009.0,C1.9,1.869315156000084e-06,2211182201.0,0.0,2.9651400391680403,1.0058019194407697
2022-12-09 22:42:00,20221209224200,2022-12-09,22:42,C5.0,Yes,C5.0,2022-12-09 22:38:00.000,2022-12-09 22:42:00.000,2022-12-09 22:46:00.000,-56.40124,13.0,132.642876,223.670688,2022-12-09T22:39:08.371,2022-12-09T23:06:20.374,2022-12-09 22:41:24.372,51199.0,6399.0,1087.0,991.0,463.0,False,271.0,45.0,57.0,735.0,399.0,227.2550094784393,501.260742,191.959961,184.20922629132252,274.71893619369035,True,11.301474352875076,16.08869784987181,306.8029247232785,16.08869784987181,6.974405195710274,-16.553635416673558,0.86317628828311,59.465563,2212097930.0,C5.1,5.0875974011432845e-06,2212092241.0,0.0,3.268044974252107,1.0058678782314656
2022-12-13 19:48:00,20221213194853,2022-12-13,19:48,C1.0,Yes,,2022-12-13 19:48:17.000,2022-12-13 19:48:53.000,2022-12-13 19:52:05.000,-25.632458,-15.644229,960.0,-268.8,2022-12-13T19:04:12.350,2022-12-13T20:11:44.357,2022-12-13 19:54:28.355,1855.0,167.0,99.0,863.0,463.0,False,231.0,45.0,57.0,735.0,399.0,223.39139725895475,1089.892456,-262.409668,927.856594154889,-230.05359815899712,True,71.1518733080949,-13.427101695128846,315.47704617792203,-13.427101695128846,6.612024972829239,-17.10115250865414,0.8838066094579402,49.111021,2212134274.0,C2.0,1.981911282200599e-06,2212131954.0,0.0,3.323928023574365,1.0058800469944231
2022-12-13 23:17:00,20221213232500,2022-12-13,23:17,C3.0,Yes,C2.9,2022-12-13 23:12:00.000,2022-12-13 23:25:00.000,2022-12-13 23:33:00.000,-33.41629,-15.0,936.24342,-250.96521,2022-12-13T23:12:20.376,2022-12-13T23:52:12.381,2022-12-13 23:23:48.378,1983.0,183.0,91.0,799.0,463.0,False,231.0,45.0,57.0,735.0,399.0,223.39139725895475,1089.148926,-263.577728,927.8371514790598,-231.1889984666035,True,71.12336110119801,-13.494014163228762,313.53323236909233,-13.494014163228762,6.5983460295168825,-17.124812283718427,0.8845238875673198,48.611968,2212133092.0,C3.0,2.997514229718945e-06,2212132323.0,0.0,3.3260188859639745,1.0058805022882753
2022-12-14 19:09:00,20221214191100,2022-12-14,19:09,C3.0,Yes,C3.8,2022-12-14 19:03:00.000,2022-12-14 19:11:00.000,2022-12-14 19:16:00.000,-128.31338,0.0,0.0,14.3676852,2022-12-14T19:03:24.401,2022-12-14T19:16:08.402,2022-12-14 19:09:00.401,10751.0,1855.0,671.0,863.0,431.0,False,247.0,45.0,57.0,735.0,399.0,275.25307361291715,924.205322,-409.430603,682.5688820506602,-318.96231134048145,True,47.84782968914592,-19.614776342911544,279.41382456615275,-19.61477634291154,6.520749957207439,-17.262733921363804,0.8885109670499632,46.597646,2212148368.0,C3.8,3.848751475743484e-06,2212141909.0,0.0,3.3379438044732206,1.0058830989881402
2022-12-14 19:33:00,20221214193300,2022-12-14,19:33,C6.4,Yes,C6.4,2022-12-14 19:27:00.000,2022-12-14 19:33:00.000,2022-12-14 19:38:00.000,-83.53297,-20.0,649.3824,-324.666396,2022-12-14T19:21:12.403,2022-12-14T20:00:00.407,2022-12-14 19:31:56.404,23551.0,2431.0,271.0,799.0,463.0,False,247.0,45.0,57.0,735.0,399.0,275.25307361291715,952.800964,-376.880585,718.7892228042749,-294.236370320698,True,50.680273995764615,-18.06042999556473,282.03644429436287,-18.060429995564725,6.519246015038303,-17.26546803687347,0.8885868780879471,46.521623,2212145471.0,C6.4,6.402145572792506e-06,2212141931.0,0.0,3.338183903503549,1.0058831512706878
2022-12-14 20:55:00,20221214205659,2022-12-14,20:55,M2.2,Yes,,2022-12-14 20:54:59.000,2022-12-14 20:56:59.000,2022-12-14 20:57:35.000,-83.530389,-21.305003,652.8,-345.6,2022-12-14T20:35:12.411,2022-12-14T21:18:12.415,2022-12-14 20:56:56.413,126975.0,19455.0,2687.0,927.0,463.0,False,247.0,45.0,57.0,735.0,399.0,275.25307361291715,935.905518,-403.89267,699.6307109858658,-316.8944438332909,True,49.40350236444292,-19.47726360601259,279.9819808760863,-19.477263606012592,6.513671000421271,-17.275623055849223,0.8888678249581151,46.41212,2212145701.0,M2.3,2.2618552975473e-05,2212142056.0,0.0,3.3390042418574213,1.0058833299027254
2022-12-14 22:06:00,20221214220600,2022-12-14,22:06,M4.5,Yes,M4.5,2022-12-14 21:57:00.000,2022-12-14 22:06:00.000,2022-12-14 22:17:00.000,-81.90539,-21.0,677.91918,-341.010504,2022-12-14T21:34:00.417,2022-12-14T22:48:20.424,2022-12-14 22:05:48.420,344063.0,43007.0,3967.0,863.0,463.0,False,247.0,45.0,57.0,735.0,399.0,275.25307361291715,985.09082,-367.088959,773.2547155012554,-296.6648050699417,True,56.40715797590955,-18.15596138284345,286.3555545413992,-18.15596138284345,6.509153208111106,-17.2838751729322,0.8890949743213784,46.293178,2212144919.0,M4.5,4.540924055618234e-05,2212142205.0,0.0,3.3397145348222166,1.0058834845719289
2022-12-16 19:06:00,20221216191100,2022-12-16,19:06,C9.1,Yes,C9.1,2022-12-16 19:02:00.000,2022-12-16 19:11:00.000,2022-12-16 19:18:00.000,-81.65412,-20.0,876.78138,-328.51983,2022-12-16T19:01:44.002,2022-12-16T19:39:12.006,2022-12-16 19:06:44.002,43007.0,5375.0,1471.0,991.0,463.0,False,303.0,45.0,57.0,735.0,399.0,264.1731027964911,1050.270142,-319.117035,903.9013810510252,-283.1942838321915,True,70.29844343382935,-16.777336309174352,275.5358926703854,-16.777336309174352,6.331315150874973,-17.62427912580648,0.8976710990087556,42.073794,2212164914.0,C9.1,9.10242488316726e-06,2212161906.0,0.0,3.366725675740608,1.0058893663585355
2022-12-17 19:46:00,20221217194746,2022-12-17,19:46,M1.0,Yes,,2022-12-17 19:42:46.000,2022-12-17 19:47:46.000,2022-12-17 20:33:46.000,121.843725,15.569996,-883.2,268.8,2022-12-17T19:28:16.155,2022-12-17T20:15:08.161,2022-12-17 19:49:48.158,55295.0,4863.0,495.0,927.0,463.0,False,247.0,45.0,57.0,735.0,399.0,226.1992124814872,-714.265381,422.664886,-796.0937656415626,458.32722349754135,True,-66.84933175591914,27.521485374948025,124.81992613222504,27.521485374948025,6.233133766442036,-17.82439750146716,0.9021057154279368,39.700088,2212178806.0,M1.1,1.0913767255260607e-05,2212171949.0,0.0,3.381531782614439,1.005892590448972
2022-12-21 20:45:00,20221221204446,2022-12-21,20:45,C4.8,Yes,,2022-12-21 20:43:58.000,2022-12-21 20:44:46.000,2022-12-21 20:45:58.000,110.329895,24.05073,-422.4,422.4,2022-12-21T20:14:04.558,2022-12-21T21:18:36.565,2022-12-21 20:51:04.562,8703.0,1087.0,495.0,863.0,463.0,False,231.0,45.0,57.0,735.0,399.0,212.8666666666667,-147.255569,293.850952,-417.3933199623134,391.3284097375768,True,-27.388111181551665,22.02539337874178,111.0273068018455,22.025393378741786,5.844195910969743,-18.689767395036995,0.9176515398978976,31.846713,2212216423.0,C5.0,4.9621830839896575e-06,2212212051.0,0.0,3.4397457933567397,1.005905266788329
2022-12-21 22:12:00,20221221221900,2022-12-21,22:12,C6.9,Yes,C5.2,2022-12-21 22:04:00.000,2022-12-21 22:19:00.000,2022-12-21 22:26:00.000,111.81099,21.0,-400.496466,375.487494,2022-12-21T22:05:04.570,2022-12-21T23:03:28.576,2022-12-21 22:15:28.571,21503.0,2175.0,231.0,799.0,431.0,False,231.0,45.0,57.0,735.0,399.0,212.8666666666667,-120.511261,288.323303,-395.7383404404391,387.1823529722932,True,-25.799317702398184,21.730789301996627,111.84403323003654,21.730789301996627,5.838515190734001,-18.7031630929294,0.9178552824865917,31.714439,2212214108.0,C6.9,6.859179393359227e-06,2212212215.0,0.0,3.440616152341895,1.0059054563125642
2022-12-22 22:27:00,20221222222700,2022-12-22,22:27,B7.8,Yes,??,2022-12-22 22:24:00.000,2022-12-22 22:27:00.000,2022-12-22 22:30:00.000,0.0,0.0,0.0,0.0,,,,,,,,,,,,,,,,,,,,,,,,,4.621741312071327,-18.7745827309195,0.9235770586642085,,,,,,0.0,3.4551721560589934,1.0059086259420134
2022-12-25 21:56:00,20221225215600,2022-12-25,21:56,C2.2,Yes,C2.2,2022-12-25 21:50:00.000,2022-12-25 21:56:00.000,2022-12-25 22:01:00.000,113.248092,23.0,422.93961,413.128398,2022-12-25T21:51:12.368,2022-12-25T22:09:12.369,2022-12-25 21:55:36.368,6399.0,863.0,167.0,799.0,463.0,False,247.0,45.0,57.0,735.0,399.0,237.36595226071128,726.184631,333.286896,448.9884492236188,403.4273336210308,True,29.74212473916618,22.3992398086167,114.87858906343222,22.399239808616706,5.449303699808767,-19.66243802970172,0.93027514374648,25.461464,2212255396.0,C2.2,2.2241638362174854e-06,2212252155.0,0.0,3.4980798536142084,1.0059179692689602
2022-12-26 16:57:00,20221226165756,2022-12-26,16:57,C4.4,Yes,,2022-12-26 16:56:44.000,2022-12-26 16:57:56.000,2022-12-26 17:05:56.000,0.251795000000001,20.128777,-883.2,345.6,2022-12-26T16:47:00.386,2022-12-26T17:26:16.390,2022-12-26 16:57:48.387,8703.0,1215.0,399.0,799.0,463.0,False,271.0,45.0,57.0,735.0,399.0,241.24848777775503,831.356323,334.760742,588.1881279585679,389.50113079532775,True,40.30756516737709,21.68420311217868,114.9963587549008,21.68420311217868,5.371166038306213,-19.86349972207779,0.9324105797414184,24.378244,2212260594.0,C4.4,4.408931545185624e-06,2212261657.0,0.0,3.509494561683792,1.0059204548684113
2022-12-26 19:40:00,20221226194520,2022-12-26,19:40,C6.0,Yes,,2022-12-26 19:42:32.000,2022-12-26 19:45:20.000,2022-12-26 19:49:08.000,113.298744,23.79613,576.0,422.4,,,,,,,,,,,,,,,,,,,,,,,,,4.278573112966328,-19.75180110875345,0.934943514674744,,,,,,0.0,3.5111252342651307,1.0059208099540473
2022-12-27 16:24:00,20221227162359,2022-12-27,16:24,M1.2,Yes,,2022-12-27 16:22:35.000,2022-12-27 16:23:59.000,2022-12-27 17:25:11.000,106.786493,18.964474,652.8,345.6,2022-12-27T16:19:56.433,2022-12-27T16:41:12.435,2022-12-27 16:24:36.433,77823.0,9727.0,1983.0,863.0,463.0,False,271.0,45.0,57.0,735.0,399.0,263.69227881895785,910.556763,307.412292,704.1062636485857,348.447627975027,True,49.70426933686877,19.2941669695065,111.52525610555293,19.29416696950649,5.274599828663175,-20.11518521390019,0.9348884134181245,23.132859,2212272055.0,M1.2,1.2077033716195729e-05,2212271624.0,0.0,3.523570367340125,1.0059235199327654
2022-12-27 20:36:00,20221227203553,2022-12-27,20:36,C4.5,Yes,,2022-12-27 20:35:29.000,2022-12-27 20:35:53.000,2022-12-27 20:37:53.000,-29.812254,-19.791755,-960.0,-345.6,2022-12-27T19:34:40.453,2022-12-27T21:12:12.465,2022-12-27 20:36:20.459,10751.0,1727.0,927.0,1087.0,463.0,False,271.0,45.0,57.0,735.0,399.0,243.83288224348084,-879.265076,-401.201996,-909.4528155543376,-346.4711240723524,True,-86.59474458121565,-20.967757236522264,332.9236864065912,-20.967757236522264,5.257281518681762,-20.16067087018501,0.9353141006311404,22.921106,2212271132.0,C4.5,4.528409135673428e-06,2212272036.0,0.0,3.526091407159112,1.0059240688995152
2022-12-29 18:18:00,20221229182000,2022-12-29,18:18,M2.4,Yes,M2.1,2022-12-29 18:11:00.000,2022-12-29 18:20:00.000,2022-12-29 18:26:00.000,34.56446,0.0,0.0,46.1579514,2022-12-29T18:16:08.445,2022-12-29T18:22:40.445,2022-12-29 18:18:32.445,204799.0,27647.0,5375.0,1215.0,431.0,False,231.0,45.0,57.0,735.0,367.0,225.0338835010945,-870.463867,311.399719,-914.3674374618568,335.7526367113473,True,-85.50265591285017,19.939347211466885,308.9337712295993,19.939347211466885,5.067847796932985,-20.66432559887687,0.9396041795629948,20.767039,2212294310.0,M2.2,2.178259455831721e-05,2212291818.0,0.0,3.553522721380685,1.0059300421805804
2022-12-29 18:18:00,20221229182000,2022-12-29,18:18,M2.4,Yes,M2.1,2022-12-29 18:11:00.000,2022-12-29 18:20:00.000,2022-12-29 18:26:00.000,34.56446,0.0,0.0,46.1579514,2022-12-29T18:16:08.445,2022-12-29T18:22:40.445,2022-12-29 18:18:32.445,204799.0,27647.0,5375.0,1215.0,431.0,False,231.0,45.0,57.0,735.0,367.0,225.0338835010945,-870.463867,311.399719,-914.3674374618568,335.7526367113473,True,-85.50265591285017,19.939347211466885,308.9337712295993,19.939347211466885,5.067847796932985,-20.66432559887687,0.9396041795629948,20.767039,2212294310.0,M2.2,2.178259455831721e-05,2212291818.0,0.0,3.553522721380685,1.0059300421805804
2022-12-30 19:09:00,20221230190841,2022-12-30,19:09,C4.0,Yes,,2022-12-30 19:07:41.000,2022-12-30 19:08:41.000,2022-12-30 19:20:29.000,13.5465902,22.75063,-115.2,422.4,2022-12-30T19:06:48.300,2022-12-30T19:17:48.301,2022-12-30 19:09:08.300,12799.0,1599.0,927.0,927.0,431.0,False,271.0,45.0,57.0,735.0,399.0,224.5470352024383,206.073456,275.398773,-136.1888331414666,386.8405583505916,True,-8.532946191808264,20.4623400359778,12.269711889128832,20.4623400359778,4.96425850355522,-20.943881373827026,0.941670171395592,19.727998,2212302138.0,C4.1,4.090936727152439e-06,2212301909.0,0.0,3.568438873643486,1.005933290233851
2022-12-30 19:35:00,20221230193534,2022-12-30,19:35,M3.7,Yes,,2022-12-30 19:32:10.000,2022-12-30 19:35:34.000,2022-12-30 19:41:58.000,13.3227654,22.748618,-115.2,422.4,2022-12-30T19:22:36.302,2022-12-30T20:29:40.308,2022-12-30 19:36:52.303,311295.0,38911.0,6399.0,1983.0,607.0,False,271.0,45.0,57.0,735.0,399.0,224.5470352024383,219.293121,282.105927,-122.58304711803794,392.8303314946466,True,-7.694062943573044,20.836046099314245,12.854932991431552,20.836046099314245,4.962326931096907,-20.949118178139543,0.9417068392390932,19.698609,2212308587.0,M3.7,3.742356784641743e-05,2212301936.0,0.0,3.5686989809263094,1.0059333468732776
2022-12-31 21:42:00,20221231214311,2022-12-31,21:42,C9.1,Yes,,2022-12-31 21:42:23.000,2022-12-31 21:43:11.000,2022-12-31 21:46:47.000,-54.6720536,19.297198,-806.4,345.6,2022-12-31T21:17:20.464,2022-12-31T22:17:36.469,2022-12-31 21:45:32.466,43007.0,4351.0,863.0,799.0,463.0,False,271.0,45.0,57.0,735.0,399.0,224.4118997131037,-565.237122,278.903595,-774.2373220000882,356.5218365067382,True,-57.31591847620251,19.807967993871664,308.88540852171224,19.807967993871664,4.8528149945583285,-21.247309373596067,0.9436757020051784,18.722065,2212319735.0,C9.1,9.110010068980046e-06,2212312145.0,0.0,3.5843754467852955,1.005936760487949
2023-01-01 19:33:00,20230101193344,2023-01-01,19:33,C1.1,Yes,,2023-01-01 19:32:32.000,2023-01-01 19:33:44.000,2023-01-01 19:40:44.000,-60.385583,23.855854,-729.6,422.4,,,,,,,,,,,,,,,,,,,,,,,,,3.7414380680052783,-21.38781474542033,0.9472732044419852,,,,,,0.0,3.5974908563201007,1.0059396164221124
2023-01-06 18:47:00,20230106184822,2023-01-06,18:47,C6.1,Yes,,2023-01-06 18:47:10.000,2023-01-06 18:48:22.000,2023-01-06 19:01:34.000,-54.213781,-19.401958,268.8,-268.8,2023-01-06T18:06:28.043,2023-01-06T19:11:52.049,2023-01-06 18:52:32.047,19455.0,1727.0,543.0,927.0,431.0,False,247.0,45.0,57.0,735.0,399.0,236.70616455900145,637.554932,-369.213226,297.2055589693609,-250.0498443005149,True,18.62537916861766,-18.23221595967163,307.3877658455164,-18.232215959671635,4.252307181613742,-22.91070651242387,0.95074934183995,15.250802,2301067735.0,C6.2,6.218821454240242e-06,2301061852.0,0.0,3.669060375627537,1.005955200978181
2023-01-09 18:46:00,20230109184905,2023-01-09,18:46,X2.0,Yes,,2023-01-09 18:48:17.000,2023-01-09 18:49:05.000,2023-01-09 18:50:17.000,-175.81307,5.1202452,-883.2,115.2,2023-01-09T18:34:16.296,2023-01-09T19:37:36.303,2023-01-09 18:52:44.298,1507327.0,278527.0,47103.0,4863.0,1983.0,True,247.0,45.0,57.0,735.0,399.0,250.04935016086347,-716.454834,-297.755402,-893.613242972875,-222.10512789123345,True,-70.84549323992326,-14.470804412984323,178.40704142981133,-14.470804412984323,3.939069371608481,-23.78253318152616,0.9520583260503128,14.663196,2301099788.0,X2.0,0.0001976581697817,2301091852.0,0.0,3.7122681969707676,1.0059646096583121
2023-01-10 17:48:00,20230110174800,2023-01-10,17:48,M1.3,Yes,M1.2,2023-01-10 17:44:00.000,2023-01-10 17:48:00.000,2023-01-10 17:52:00.000,177.77402,-13.0,-816.4335,-184.614042,2023-01-10T17:46:40.442,2023-01-10T17:57:28.443,2023-01-10 17:48:12.442,102399.0,10751.0,2687.0,1215.0,463.0,False,247.0,45.0,57.0,735.0,399.0,323.9644699477763,-551.098755,-305.288544,-805.7861157399602,-207.4395375289521,True,-58.30042676383363,-14.40880497245644,178.3733631397568,-14.40880497245644,3.838257842748911,-24.06175621166369,0.9521496760428814,14.646494,2301105297.0,M1.3,1.2540303032437803e-05,2301101748.0,0.0,3.726093899470473,1.005967620261679
2023-01-10 22:47:00,20230110224700,2023-01-10,22:47,X1.0,Yes,X1.0,2023-01-10 22:39:00.000,2023-01-10 22:47:00.000,2023-01-10 22:52:00.000,172.07632,22.0,-799.84236,395.34327,2023-01-10T22:40:04.472,2023-01-10T23:24:24.477,2023-01-10 22:46:24.473,1376255.0,278527.0,47103.0,7935.0,2175.0,True,247.0,45.0,57.0,735.0,399.0,246.33241782181167,-569.980347,320.758789,-798.2966990058776,389.0071584262191,True,-61.42454256062638,21.547064558334476,172.52221428427254,21.54706455833448,3.816329627091911,-24.12235322041903,0.9521487575098582,14.65349,2301106215.0,X1.1,0.0001063299787347,2301102246.0,0.0,3.7290851332240296,1.0059682716150846
2023-01-14 20:12:00,20230114201308,2023-01-14,20:12,M3.5,Yes,,2023-01-14 20:08:44.000,2023-01-14 20:13:08.000,2023-01-14 20:18:20.000,126.155326,8.8817768,-806.4,192.0,,,,,,,,,,,,,,,,,,,,,,,,,2.5304986454684846,-25.20162651177448,0.9525656157039206,,,,,,0.0,3.785158260945333,1.0059804817683924
2023-02-08 21:10:00,20230208210946,2023-02-08,21:10,M1.7,Yes,,2023-02-08 21:08:10.000,2023-02-08 21:09:46.000,2023-02-08 21:10:34.000,-139.1167685,29.742235,115.2,576.0,2023-02-08T21:04:13.009,2023-02-08T21:16:01.010,2023-02-08 21:09:33.009,69631.0,3967.0,799.0,799.0,431.0,False,183.0,33.0,67.0,735.0,367.0,343.46934768453656,646.119568,592.411682,186.14826232072636,618.4237785414787,True,13.148066694819576,33.007810593539645,226.1362131056156,33.007810593539645,0.3814380492056238,-31.545407447427067,0.8783966147110398,53.484446,2302083325.0,M1.7,1.7155331079266034e-05,2302082109.0,0.0,4.145887045847311,1.0060590319393057
2023-02-09 18:25:00,20230209181223,2023-02-09,18:25,M1.8,Yes,,2023-02-09 17:50:35.000,2023-02-09 18:12:23.000,2023-02-09 18:21:23.000,-139.736659,30.008756,268.8,576.0,2023-02-09T18:18:19.642,2023-02-09T19:05:35.647,2023-02-09 18:27:59.643,69631.0,7935.0,927.0,863.0,431.0,False,367.0,45.0,57.0,735.0,367.0,350.6715933496189,806.085449,598.737061,399.8432404070591,610.3882899901746,True,29.298962767335745,33.09642393480044,230.59687087029903,33.09642393480044,0.2595231695218322,-31.69370384286117,0.8737526965877406,55.790416,2302091056.0,M1.8,1.820292163756676e-05,2302091827.0,0.0,4.158642306836515,1.0060618094496476
2023-02-10 22:38:00,20230210223734,2023-02-10,22:38,M1.3,Yes,,2023-02-10 22:36:10.000,2023-02-10 22:37:34.000,2023-02-10 22:38:22.000,124.629478,-19.290195,-806.4,-268.8,2023-02-10T22:33:35.821,2023-02-10T23:13:15.825,2023-02-10 22:38:07.821,77823.0,9727.0,4351.0,2175.0,543.0,False,271.0,45.0,57.0,735.0,367.0,270.4470362588151,-530.01825,-293.225006,-826.2654478098266,-202.4379993626669,True,-61.51151272832567,-15.22147897585766,124.33147875943152,-15.22147897585766,0.0962391870708931,-31.87703318651768,0.8673856841076323,59.120781,2302107066.0,M1.3,1.2612585123861209e-05,2302102238.0,0.0,4.175579292605048,1.0060654975476941
2023-02-11 15:50:00,20230211154956,2023-02-11,15:50,X1.2,Yes,,2023-02-11 15:42:56.000,2023-02-11 15:49:56.000,2023-02-11 16:08:08.000,139.971959,-7.61006,-576.0,-38.4,2023-02-11T15:40:07.629,2023-02-11T16:23:39.633,2023-02-11 15:47:27.629,1376255.0,221183.0,31743.0,3967.0,799.0,False,271.0,45.0,57.0,735.0,367.0,270.4470362588151,-85.935669,-172.688141,-572.6314372571651,-60.08134554635339,True,-36.44769821358324,-8.898487315766058,139.9828426552969,-8.898487315766058,-0.0044203351607613,-31.98122058862998,0.8633803523550542,61.210746,2302118450.0,X1.2,0.0001164681088994,2302111547.0,0.0,4.185903550911536,1.0060677456972416
2023-02-17 20:03:00,20230217200342,2023-02-17,20:03,X2.3,Yes,,2023-02-17 19:47:03.000,2023-02-17 20:03:42.000,2023-02-17 22:28:36.000,13.7463,28.49757,-843.9,474.9,2023-02-17T19:51:04.262,2023-02-17T20:01:36.263,2023-02-17 20:00:36.263,1376255.0,253951.0,38911.0,3711.0,991.0,True,247.0,45.0,57.0,735.0,367.0,228.7963639990536,-584.255737,518.675415,-802.7034812229685,459.49944954456345,True,-66.29525560972945,25.60172256156718,28.811504538413363,25.601722561567183,-0.9163214850692708,-32.60805297516856,0.8246835652747981,81.095443,2302176228.0,M7.0,6.958330050110817e-05,2302172000.0,0.0,4.274870245795776,1.0060871185595726
2023-02-19 19:28:00,20230219193000,2023-02-19,19:28,C4.0,Yes,C4.0,2023-02-19 19:26:00.000,2023-02-19 19:30:00.000,2023-02-19 19:40:00.000,35.157716,24.0,-497.185242,482.678484,2023-02-19T19:24:56.564,2023-02-19T19:33:56.565,2023-02-19 19:26:44.564,6911.0,927.0,367.0,799.0,431.0,False,271.0,45.0,57.0,735.0,367.0,300.8711434615663,-4.472809,557.069763,-472.7034037527628,523.1631937208964,True,-32.92801983125918,26.70712147395221,36.15061125498247,26.70712147395221,-1.225929720381464,-32.6867838262238,0.8107202420481382,88.471224,2302194844.0,C4.0,4.010371867479989e-06,2302191926.0,0.0,4.303331985022758,1.0060933162199044
2023-02-21 20:12:00,20230221201614,2023-02-21,20:12,M5.1,Yes,,2023-02-20 00:00:00.000,2023-02-21 20:16:14.000,2023-02-22 23:59:48.000,2.618197,28.806787,-765.31793,510.05157,2023-02-21T20:04:18.671,2023-02-21T20:35:26.675,2023-02-21 20:13:30.672,753663.0,110591.0,12799.0,1343.0,431.0,False,247.0,41.0,53.0,735.0,367.0,251.49935415871508,-522.414856,572.758362,-762.4408291236032,486.3451535059547,True,-61.6079839738199,26.864091932660504,340.7039540879913,26.864091932660504,-1.5544266801489728,-32.69347503549784,0.7955447640626598,96.387221,2302211252.0,M5.1,5.090205740998499e-05,2302212013.0,0.0,4.332584050224715,1.0060996859769555
2023-02-23 23:12:00,20230223231305,2023-02-23,23:12,C6.2,Yes,,2023-02-23 23:11:41.000,2023-02-23 23:13:05.000,2023-02-23 23:20:05.000,2.387829,18.772345,-192.0,422.4,2023-02-23T23:07:58.598,2023-02-23T23:30:54.600,2023-02-23 23:11:34.598,55295.0,6911.0,1343.0,927.0,431.0,False,247.0,41.0,53.0,735.0,367.0,221.7732103540721,445.155975,464.649475,-159.63427276234142,446.2364632392178,True,-10.068998097987617,20.282533790010756,4.27383794810295,20.282533790010756,-1.9094353612215704,-32.610094078379404,0.7787916943914808,104.944364,2302230645.0,C6.3,6.292959369602613e-06,2302232311.0,0.0,4.363196676598892,1.0061063520017766
2023-02-24 20:20:00,20230224203000,2023-02-24,20:20,M3.7,Yes,M3.7,2023-02-24 20:03:00.000,2023-02-24 20:30:00.000,2023-02-24 20:49:35.000,25.9702261,28.0,335.469972,551.15256,2023-02-24T20:12:50.431,2023-02-24T20:46:38.434,2023-02-24 20:23:38.432,278527.0,23551.0,2431.0,1087.0,607.0,False,271.0,41.0,53.0,735.0,367.0,256.51882947529884,954.601257,627.498474,409.4673506563448,563.9805734645045,True,28.860625886587272,29.26291413946865,31.56858686455779,29.26291413946865,-2.060864146309771,-32.54548347908059,0.771549966305983,108.786295,2302245448.0,M3.7,3.731004835572094e-05,2302242023.0,0.0,4.375881908704215,1.0061091142630423
2023-02-25 19:30:00,20230225192708,2023-02-25,19:30,M5.9,Yes,,2023-02-25 19:23:56.000,2023-02-25 19:27:08.000,2023-02-25 19:31:56.000,7.605951,-22.880039,268.8,-268.8,2023-02-25T19:33:30.579,2023-02-25T19:35:38.579,2023-02-25 19:34:46.579,442367.0,31743.0,1727.0,799.0,399.0,False,271.0,41.0,53.0,735.0,367.0,26008.599999999995,1158.959473,567.643616,745.0092561045568,496.8748467043474,True,56.25615672520696,26.06606944897336,46.23974805386714,26.06606944897336,-2.229110229308523,-32.45310787350354,0.7634451849214212,112.717105,2302250933.0,M5.9,5.924242941546254e-05,2302251934.0,0.0,4.3897876442141,1.006112142293925
2023-02-26 19:17:00,20230226192300,2023-02-26,19:17,C2.8,Yes,C2.8,2023-02-26 19:10:00.000,2023-02-26 19:23:00.000,2023-02-26 19:31:00.000,-20.88711,27.0,30.2348688,546.12153,2023-02-26T19:12:02.729,2023-02-26T19:33:46.731,2023-02-26 19:17:18.730,6399.0,607.0,151.0,863.0,463.0,False,271.0,41.0,53.0,735.0,367.0,260.9338776199285,663.541016,623.056519,52.394294383931,550.1706132310878,True,3.475294399186359,27.28595615361085,340.4468477334515,27.28595615361085,-2.404101226287192,-32.33385658466017,0.7549561882410368,117.246656,2302261759.0,C2.8,2.8272463623579824e-06,2302261917.0,0.0,4.404063532395779,1.0061152509270685
2023-03-05 21:35:00,20230305213505,2023-03-05,21:35,M5,Yes,,2023-03-05 21:30:29.000,2023-03-05 21:35:05.000,2023-03-05 21:47:53.000,-55.615074,17.478615,806.4,345.6,2023-03-05T21:26:46.808,2023-03-05T23:15:26.819,2023-03-05 21:32:38.808,884735.0,110591.0,15871.0,1599.0,463.0,False,271.0,45.0,57.0,735.0,367.0,235.34007810011897,1340.790161,439.503357,790.3952605836365,364.59217038828297,True,57.97380855190349,18.0950121528586,301.4902255434471,18.0950121528586,-3.7571639993189727,-30.589999634317792,0.6879149936584922,151.786808,2303057087.0,M5.0,5.044931822340004e-05,2303052132.0,0.0,4.506285694582481,1.0061375102217158
2023-03-08 22:42:00,20230308224222,2023-03-08,22:42,M1.4,Yes,,2023-03-08 22:39:46.000,2023-03-08 22:42:22.000,2023-03-08 22:46:46.000,-168.970866,-23.164761,-192.0,-268.8,2023-03-08T22:36:48.471,2023-03-08T22:49:40.472,2023-03-08 22:41:04.471,172031.0,19455.0,2687.0,1215.0,399.0,False,247.0,41.0,53.0,735.0,335.0,228.12342864816364,386.509308,-501.131836,-192.007832149975,-284.342110310504,True,-12.517287246590968,-24.1179060555007,190.84322866770268,-24.1179060555007,-4.395979577743941,-29.23527073202223,0.6557875946909822,168.28309,2303086558.0,M1.4,1.357097426080145e-05,2303082241.0,0.0,4.550173796511715,1.006147067035732
2023-03-18 20:51:00,20230318205508,2023-03-18,20:51,B8.6,Yes,,2023-03-18 20:53:20.000,2023-03-18 20:55:08.000,2023-03-18 20:56:56.000,6.518396,-24.002459,-806.4,-345.6,2023-03-18T20:46:40.889,2023-03-18T20:54:36.890,2023-03-18 20:51:04.889,3199.0,607.0,231.0,799.0,431.0,False,287.0,45.0,61.0,735.0,383.0,219.9882736632909,-1119.255127,-587.423096,-791.3694325524848,-343.1184781047305,True,-63.83972426729508,-24.0864758058734,8.726224647412371,-24.086475805873405,-6.724204599230603,-20.76609483258187,0.537629214535297,228.991151,2303183613.0,C1.3,1.318952286055719e-06,2303182051.0,0.0,4.6931227567276474,1.0061781947575186
2023-04-11 22:38:00,20230411223922,2023-04-11,22:38,C5.9,Yes,,2023-04-11 22:36:46.000,2023-04-11 22:39:22.000,2023-04-11 22:40:46.000,102.66062,-21.990515,-192.0,-268.8,2023-04-11T22:28:00.415,2023-04-11T23:31:04.422,2023-04-11 22:34:32.416,253951.0,21503.0,4351.0,1087.0,431.0,False,247.0,41.0,53.0,735.0,367.0,213.03195910530857,-3059.476562,-1160.854126,-265.89243331714533,-253.5449549161229,True,-17.042123776819835,-20.779630323779703,97.9684618355427,-20.779630323779703,-2.408985823404872,73.38599743339017,0.2958864787557765,353.167263,2304118959.0,C5.9,5.914756457059411e-06,2304112234.0,0.0,5.039935801993548,1.0062537147191095
2023-04-18 19:12:00,20230418191700,2023-04-18,19:12,C1.9,Yes,C2.0,2023-04-18 19:03:00.000,2023-04-18 19:17:00.000,2023-04-18 19:26:00.000,102.637511,-23.0,860.829,-354.888384,2023-04-18T19:01:32.687,2023-04-18T19:44:20.691,2023-04-18 19:10:36.688,8703.0,1087.0,303.0,799.0,431.0,False,271.0,41.0,57.0,735.0,367.0,259.26666666666665,-1619.306519,-1300.234985,833.0312114041191,-365.0262584700168,True,72.57417587589303,-24.12913670237425,97.03589807019158,-24.12913670237425,4.643606523468856,111.91846095691407,0.3458470408718332,328.212223,2304181888.0,C2.0,1.9935234831791604e-06,2304181910.0,0.0,5.13871654474472,1.0062752246305744
2023-04-21 17:57:00,20230421181200,2023-04-21,17:57,M1.8,Yes,M1.8,2023-04-21 17:44:00.000,2023-04-21 18:12:00.000,2023-04-21 18:37:27.000,-4.26033000000001,-23.0,153.202368,-295.862754,,,,,,,,,,,,,,,,,,,,,,,,,6.0848939905190615,125.08987294219801,0.38242307389890534,,,,,,0.0,5.181184060744154,1.0062844721061839
2023-04-27 01:00:00,20230427005900,2023-04-27,01:00,C3.0,Yes,C3.1,2023-04-27 00:41:00.000,2023-04-27 00:59:00.000,2023-04-27 01:09:00.000,-146.13963,20.0,-792.17952,359.355606,2023-04-27T00:51:48.855,2023-04-27T01:21:48.859,2023-04-27 01:00:12.856,31743.0,2431.0,271.0,799.0,431.0,False,231.0,41.0,53.0,735.0,367.0,220.09605537921664,1832.754883,195.36235,,,False,-160.4231902539918,9.43361599016931,115.1666825513224,9.43361599016931,8.358537148255108,139.09845497356545,0.4516059479143575,275.800153,2304279189.0,C3.1,3.0518251605826663e-06,2304270100.0,0.0,5.257445515270368,1.0063010783503703
2023-04-29 23:02:00,20230429230253,2023-04-29,23:02,C3.2,Yes,,2023-04-29 23:00:53.000,2023-04-29 23:02:53.000,2023-04-29 23:23:29.000,-89.109576,-19.947836,499.2,-268.8,2023-04-29T22:49:37.301,2023-04-29T22:55:13.302,2023-04-29 22:50:53.301,2687.0,399.0,135.0,799.0,431.0,False,247.0,41.0,57.0,735.0,367.0,223.62096580709647,1920.36499,315.635406,,,False,-129.3613452089997,10.080340149255957,107.77683876790572,10.080340149255957,8.836783169194455,145.03746930323516,0.4908013729831565,256.504254,2304293623.0,C2.0,2.006577915381058e-06,2304292250.0,0.0,5.299482853840428,1.006310232153082
2023-05-01 21:46:00,20230501214800,2023-05-01,21:46,C3.4,Yes,C3.5,2023-05-01 21:42:00.000,2023-05-01 21:48:00.000,2023-05-01 21:52:00.000,-98.57022,-24.0,667.97562,-346.827042,,,,,,,,,,,,,,,,,,,,,,,,,7.941382745200378,149.2128763719602,0.5190089533749186,,,,,,0.0,5.327534423890527,1.006316340497395
2023-05-08 20:00:00,20230508200308,2023-05-08,20:00,M2.3,Yes?,,2023-05-08 20:02:08.000,2023-05-08 20:03:08.000,2023-05-08 20:04:44.000,122.1800786,12.952163,38.4,268.8,,,,,,,,,,,,,,,,,,,,,,,,,7.917007053315909,157.1546995108574,0.6059973206293133,,,,,,0.0,5.427315579268318,1.0063380682528082
2023-05-08 21:20:00,20230508212010,2023-05-08,21:20,C3.4,Yes?,,2023-05-08 21:18:46.000,2023-05-08 21:20:10.000,2023-05-08 21:22:22.000,140.954136,13.208573,345.6,268.8,,,,,,,,,,,,,,,,,,,,,,,,,7.915056930065782,157.20174774183855,0.606656509711498,,,,,,0.0,5.428115909369592,1.0063382425279668
2023-05-09 14:01:00,20230509140219,2023-05-09,14:01,C5.5,Yes,,2023-05-09 13:22:55.000,2023-05-09 14:02:19.000,2023-05-09 14:46:23.000,139.568923,13.115684,454.7,263.1,,,,,,,,,,,,,,,,,,,,,,,,,7.889118956849444,157.77335096927874,0.6148525214416546,,,,,,0.0,5.438130039761867,1.0063404231458903
2023-05-09 18:40:00,20230509185000,2023-05-09,18:40,M4.2,Yes,,2023-05-09 18:41:12.000,2023-05-09 18:50:00.000,2023-05-09 19:21:48.000,139.926214,13.595177,499.2,268.8,,,,,,,,,,,,,,,,,,,,,,,,,7.881364775923282,157.92673415580782,0.6171183247488944,,,,,,0.0,5.440921190990186,1.0063410309305063
2023-05-10 14:18:00,20230510141815,2023-05-10,14:18,M2.1,Yes,,2023-05-10 13:55:02.000,2023-05-10 14:18:15.000,2023-05-10 15:05:42.000,140.133436,13.350298,636.9,257.5,,,,,,,,,,,,,,,,,,,,,,,,,7.84636544563644,158.54797186915525,0.6265981843418295,,,,,,0.0,5.452706051731563,1.0063435971322185
2023-05-11 01:06:00,20230511010658,2023-05-11,01:06,C4.2,Yes,,2023-05-11 01:04:58.000,2023-05-11 01:06:58.000,2023-05-11 01:08:34.000,127.922271,-4.8304214,576.0,-38.4,,,,,,,,,,,,,,,,,,,,,,,,,7.82560901218644,158.87166308411028,0.631751016014401,,,,,,0.0,5.459188725551935,1.006345008761004
2023-05-20 23:03:00,20230520230600,2023-05-20,23:03,M5.2,Yes?,M5.2,2023-05-20 22:52:00.000,2023-05-20 23:06:00.000,2023-05-20 23:28:39.000,-88.44717,18.0,-671.69958,315.068724,,,,,,,,,,,,,,,,,,,,,,,,,7.194500795735995,163.4992175187642,0.7341108800032249,,,,,,0.0,5.602017636252701,1.0063761103415167
2023-05-21 15:57:00,20230521155646,2023-05-21,15:57,M2.6,Yes?,,2023-05-21 15:55:10.000,2023-05-21 15:56:46.000,2023-05-21 16:32:46.000,-89.944661,19.823818,-576.0,345.6,,,,,,,,,,,,,,,,,,,,,,,,,7.141637803914907,163.68528293342044,0.7405706979827159,,,,,,0.0,5.612161820286441,1.0063783192791536
2023-05-21 21:06:00,20230521210644,2023-05-21,21:06,C6.1,Yes,,2023-05-21 20:15:20.000,2023-05-21 21:06:44.000,2023-05-21 21:12:20.000,37.107164,11.294081,960.0,192.0,,,,,,,,,,,,,,,,,,,,,,,,,7.125399621496089,163.7390618031049,0.7425183545051949,,,,,,0.0,5.615253095302671,1.0063789924169542
2023-05-24 19:48:00,20230524195100,2023-05-24,19:48,C3.6,Yes,C3.5,2023-05-24 19:47:00.000,2023-05-24 19:51:00.000,2023-05-24 19:55:00.000,-91.6655,0.0,0.0,26.3806752,,,,,,,,,,,,,,,,,,,,,,,,,6.8971839183915895,164.34838999036987,0.7682689327729306,,,,,,0.0,5.657690598923314,1.0063882333572451
2023-05-29 18:19:00,20230529182000,2023-05-29,18:19,C6.5,Yes,C6.1,2023-05-29 18:11:00.000,2023-05-29 18:20:00.000,2023-05-29 18:37:30.000,143.05922,14.0,-796.83504,237.410772,,,,,,,,,,,,,,,,,,,,,,,,,6.498261328066368,164.90849041013206,0.807383288647547,,,,,,0.0,5.728829940801375,1.0064037242404158
2023-06-03 21:46:00,20230603214622,2023-06-03,21:46,C2.8,Yes,,2023-06-03 21:45:22.000,2023-06-03 21:46:22.000,2023-06-03 21:47:58.000,-162.393245,-16.65841,806.4,-268.8,,,,,,,,,,,,,,,,,,,,,,,,,6.069209206788672,165.00960025930172,0.8428861900249462,,,,,,0.0,5.802930504054202,1.0064198599416736
2023-06-09 17:04:00,20230609171100,2023-06-09,17:04,M2.5,Yes,M2.5,2023-06-09 16:48:00.000,2023-06-09 17:11:00.000,2023-06-09 17:28:22.000,11.245388,-22.0,-642.46122,-358.239222,,,,,,,,,,,,,,,,,,,,,,,,,5.575193816651008,164.6775669779358,0.8767521981061609,,,,,,0.0,5.886544991385944,1.0064380673388806
2023-06-24 21:13:00,20230624211700,2023-06-24,21:13,C4.9,Yes,C4.9,2023-06-24 21:05:00.000,2023-06-24 21:17:00.000,2023-06-24 21:27:00.000,-142.66565,0.0,0.0,-35.0096394,,,,,,,,,,,,,,,,,,,,,,,,,4.250921840563623,162.3696388616537,0.9357640155335006,,,,,,0.0,6.105125146173369,1.006485664063166
2023-06-25 21:58:00,20230625215810,2023-06-25,21:58,C6.8,Yes,,2023-06-25 21:57:46.000,2023-06-25 21:58:10.000,2023-06-25 22:00:34.000,-99.65386,22.674146,729.6,345.6,,,,,,,,,,,,,,,,,,,,,,,,,4.159134752076983,162.16367342618608,0.9382767480150958,,,,,,0.0,6.119981273678483,1.0064888990457996
2023-06-27 22:26:00,20230627223300,2023-06-27,22:26,C4.4,Yes,C4.4,2023-06-27 22:22:00.000,2023-06-27 22:33:00.000,2023-06-27 23:01:19.000,-127.08372,22.0,726.91008,332.834784,,,,,,,,,,,,,,,,,,,,,,,,,3.9785910323345677,161.74867457893058,0.9426567214704953,,,,,,0.0,6.1490732728601865,1.006495233947819
2023-07-04 19:18:00,20230704192800,2023-07-04,19:18,C8.0,Yes,C8.0,2023-07-04 19:08:00.000,2023-07-04 19:28:00.000,2023-07-04 19:45:00.000,86.046076,0.0,0.0,-53.3112024,,,,,,,,,,,,,,,,,,,,,,,,,3.355231655582988,160.2492058847372,0.9522353882463872,,,,,,0.0,6.24803408988421,1.0065167830711945
2023-07-11 14:27:00,20230711143235,2023-07-11,14:27,M2.0,Yes,,2023-07-11 14:31:47.000,2023-07-11 14:32:35.000,2023-07-11 14:42:47.000,22.913859,10.499944,422.4,115.2,,,,,,,,,,,,,,,,,,,,,,,,,2.720693623393706,158.69197098666086,0.953677790890231,,,,,,0.0,6.34596448190272,1.0065381078153033
2023-07-11 18:00:00,20230711175946,2023-07-11,18:00,M6.8,Yes,,2023-07-11 17:54:58.000,2023-07-11 17:59:46.000,2023-07-11 18:21:22.000,-94.328448,25.514447,-883.2,422.4,,,,,,,,,,,,,,,,,,,,,,,,,2.706649646518773,158.65784720440652,0.9536203616826758,,,,,,0.0,6.34809536079742,1.0065385718229134
2023-07-11 22:12:00,20230711221306,2023-07-11,22:12,M5.8,Yes,,2023-07-11 22:11:42.000,2023-07-11 22:13:06.000,2023-07-11 22:17:30.000,-96.6793,25.513943,-883.2,422.4,,,,,,,,,,,,,,,,,,,,,,,,,2.690020327232289,158.61747910649015,0.9535476781154648,,,,,,0.0,6.350616400616512,1.0065391207896632
2023-07-16 17:40:00,20230716174018,2023-07-16,17:40,M4.0,Yes,,2023-07-16 17:39:30.000,2023-07-16 17:40:18.000,2023-07-16 17:46:18.000,-14.141469,-24.229643,729.6,-422.4,,,,,,,,,,,,,,,,,,,,,,,,,2.2263409780284498,157.51470967356906,0.9494790333832894,,,,,,0.0,6.419924987387785,1.0065542130184082
2023-07-17 22:45:00,20230717224634,2023-07-17,22:45,M2.7,Yes,,2023-07-17 22:42:22.000,2023-07-17 22:46:34.000,2023-07-17 22:52:22.000,-17.43935,-25.119121,806.4,-422.4,,,,,,,,,,,,,,,,,,,,,,,,,2.1074009341442554,157.24113173361593,0.9478221887920819,,,,,,0.0,6.437382187722066,1.006558014395308
2023-07-17 23:36:00,20230717233626,2023-07-17,23:36,M5.7,Yes,,2023-07-17 23:19:14.000,2023-07-17 23:36:26.000,2023-07-17 23:52:50.000,-0.366377999999997,-21.277009,883.2,-345.6,,,,,,,,,,,,,,,,,,,,,,,,,2.1039110049228205,157.23317283575093,0.9477700145362875,,,,,,0.0,6.437892398161622,1.0065581254957214
2023-07-18 19:25:00,20230718192500,2023-07-18,19:25,M1.3,Yes,C6.0,2023-07-18 19:16:00.000,2023-07-18 19:25:00.000,2023-07-18 19:32:00.000,-134.30144,26.0,-488.151102,357.379728,,,,,,,,,,,,,,,,,,,,,,,,,2.0223076580428963,157.04831869924644,0.9464897453330664,,,,,,0.0,6.449787304292074,1.006560715660268
2023-07-19 17:15:00,20230719172129,2023-07-19,17:15,M3.8,Yes,,2023-07-19 17:12:53.000,2023-07-19 17:21:29.000,2023-07-19 17:48:41.000,-35.453163,-15.439831,883.2,-268.8,,,,,,,,,,,,,,,,,,,,,,,,,1.9318759411425959,156.84628225147642,0.9449422436543521,,,,,,0.0,6.46289270970058,1.006563569415992
2023-07-23 14:55:00,20230723145553,2023-07-23,14:55,C5.2,Yes,,2023-07-23 14:51:53.000,2023-07-23 14:55:53.000,2023-07-23 14:58:53.000,-94.71191,23.39218,806.4,345.6,,,,,,,,,,,,,,,,,,,,,,,,,1.5371590302910545,156.00415087262144,0.9366610673266111,,,,,,0.0,6.519115899315945,1.0065758122458919
2023-07-25 23:43:00,20230725234329,2023-07-25,23:43,C3.6,Yes,,2023-07-25 23:42:53.000,2023-07-25 23:43:29.000,2023-07-25 23:47:29.000,163.2088117,16.944889,-38.4,192.0,,,,,,,,,,,,,,,,,,,,,,,,,1.2919738199822366,155.51830309041654,0.9303352537279302,,,,,,0.0,6.553209961630636,1.0065832363676532
2023-07-26 15:57:00,20230726155650,2023-07-26,15:57,M2.1,Yes,,2023-07-26 15:56:14.000,2023-07-26 15:56:50.000,2023-07-26 16:00:26.000,-115.10658,21.299688,883.2,345.6,,,,,,,,,,,,,,,,,,,,,,,,,1.2210196515421783,155.38364947902897,0.9283449981768092,,,,,,0.0,6.56295398061379,1.0065853581677107
2023-08-02 00:21:00,20230802002308,2023-08-02,00:21,C7.9,Yes,,2023-08-02 00:19:56.000,2023-08-02 00:23:08.000,2023-08-02 00:34:20.000,-14.745371,-21.226416,-883.2,-345.6,,,,,,,,,,,,,,,,,,,,,,,,,0.5335049365843318,154.23408581126208,0.9056688345998981,,,,,,0.0,6.65443171119072,1.006605277818352
2023-08-02 14:51:00,20230802145200,2023-08-02,14:51,M1.7,Yes,M1.7,2023-08-02 14:46:00.000,2023-08-02 14:52:00.000,2023-08-02 14:56:00.000,122.750035,-11.0,788.42946,-230.06061,,,,,,,,,,,,,,,,,,,,,,,,,0.4658839558126027,154.13741885816702,0.9031315001785056,,,,,,0.0,6.663135301042272,1.0066071730607031
2023-08-02 16:20:00,20230802162058,2023-08-02,16:20,M1.3,Yes,,2023-08-02 16:19:58.000,2023-08-02 16:20:58.000,2023-08-02 16:30:46.000,123.376701,-8.75868,806.4,-192.0,,,,,,,,,,,,,,,,,,,,,,,,,0.4589422206238048,154.12767696044187,0.9028680622718946,,,,,,0.0,6.664025668279918,1.0066073669418174
2023-08-02 19:11:00,20230802191400,2023-08-02,19:11,M1.1,Yes,M1.1,2023-08-02 19:09:00.000,2023-08-02 19:14:00.000,2023-08-02 19:21:00.000,62.334603,0.0,0.0,-97.112238,,,,,,,,,,,,,,,,,,,,,,,,,0.4455934332386046,154.10902847805227,0.9023601137558699,,,,,,0.0,6.665736373871437,1.006607739454969
2023-08-05 22:05:00,20230805220556,2023-08-05,22:05,X1.6,Yes,,2023-08-05 20:50:20.000,2023-08-05 22:05:56.000,2023-08-05 23:20:56.000,-39.422819,-13.615736,-806.4,-268.8,,,,,,,,,,,,,,,,,,,,,,,,,0.08872102092340393,153.6568988890181,0.8880814467732773,,,,,,0.0,6.710694917311172,1.00661752936201
2023-08-06 18:35:00,20230806183841,2023-08-06,18:35,M5.5,Yes,,2023-08-06 18:27:17.000,2023-08-06 18:38:41.000,2023-08-06 20:19:17.000,99.3486396,6.831497,960.0,115.2,,,,,,,,,,,,,,,,,,,,,,,,,-0.011091277403143994,153.5469576633841,0.8838588823612961,,,,,,0.0,6.722999992618404,1.0066202088425753
2023-08-07 20:58:00,20230807205738,2023-08-07,20:58,X1.5,Yes,,2023-08-07 20:50:14.000,2023-08-07 20:57:38.000,2023-08-07 21:26:38.000,84.312303,11.271462,960.0,192.0,,,,,,,,,,,,,,,,,,,,,,,,,-0.14098290508157585,153.4150760636977,0.8782238513922402,,,,,,0.0,6.738836524497645,1.0066236573122784
2023-08-18 19:20:00,20230818191946,2023-08-18,19:20,C3.7,Yes,,2023-08-18 19:17:46.000,2023-08-18 19:19:46.000,2023-08-18 19:24:46.000,-101.860836,21.101209,652.8,268.8,,,,,,,,,,,,,,,,,,,,,,,,,-1.535441448845964,152.86643986222106,0.809568259810168,,,,,,0.0,6.896321480178078,1.0066579503066353
2023-08-26 21:48:00,20230826214859,2023-08-26,21:48,C2.6,Yes,,2023-08-26 21:47:59.000,2023-08-26 21:48:59.000,2023-08-26 21:55:47.000,-166.960276,6.8230298,960.0,115.2,,,,,,,,,,,,,,,,,,,,,,,,,-2.721772657514682,153.79068786832804,0.743213706740304,,,,,,0.0,7.013049625450594,1.0066833683385343
2023-09-03 00:18:00,20230903001722,2023-09-03,00:18,M1.1,Yes,,2023-09-03 00:17:10.000,2023-09-03 00:17:22.000,2023-09-03 00:19:22.000,98.6093112,11.252874,960.0,192.0,,,,,,,,,,,,,,,,,,,,,,,,,-3.902672024333767,156.15139910810962,0.6735762992107798,,,,,,0.0,7.115391837152461,1.0067056537744554
2023-09-11 21:11:00,20230911211158,2023-09-11,21:11,C8.2,Yes?,,2023-09-11 21:10:22.000,2023-09-11 21:11:58.000,2023-09-11 21:24:34.000,-114.9077771,23.498371,-115.2,268.8,,,,,,,,,,,,,,,,,,,,,,,,,-5.587597801068603,162.5700623473614,0.5712906603660851,,,,,,0.0,7.243174541949068,1.0067334789819842
